locality_name,city,zone,metro_status,nearest_metro_station,tech_park_proximity,nearest_tech_park,tech_park_km_approx,nearest_metro_line,nearest_metro_km,metro_access_sample,metro_access_verified,metro_flag_agrees,nearest_metro_station_today,nearest_metro_km_today,tech_park_band,it_park_count_5km,nearest_rail_station,rail_station_km,airport_km,school_count_2km,hospital_count_2km,retail_count_2km,latitude,longitude,distance_to_cbd_km,geo_district,geo_state,n_listings_2022,first_posted_on,last_posted_on,geocode_confidence,geocode_match_name,geocode_feature_type,geocode_query,reference_year,metro_status_asof,address
Chembur East,Mumbai,south,under_construction,Ghatkopar L1,yes,Bandra Kurla Complex,4.56,blue,5.74,yes,no,False,Shivaji Chowk (Chembur),1.79,3-6km,4.0,Bharat Petroleum,0.17,6.83,12.0,27.0,7.0,19.0366683,72.8947992,12.55,M/E Ward,Maharashtra,1,5/31/2022,5/31/2022,low,Brainwonders Chembur,healthcare/counselling,Chembur East,2022,4/13/2022,"117 Residency, Chembur East"
Seven Bungalows,Mumbai,west,operational,Versova,yes,SEEPZ Andheri East,3.78,blue,0.05,yes,yes,True,Versova,0.05,3-6km,9.0,Andheri,2.86,6.2,27.0,57.0,18.0,19.1297617,72.8213781,21.29,K/W Ward,Maharashtra,3,7/9/2022,7/9/2022,high,Seven Bungalows,place/neighbourhood,Seven Bungalows,2022,4/13/2022,"7 Bungalow, Seven Bungalows"
7 Bungalows Andheri West,Mumbai,west,operational,Andheri (West),yes,Nirlon Knowledge Park,2.62,yellow,1.31,yes,yes,True,Lower Oshiwara,0.16,0-3km,13.0,Jogeshwari (Harbour Line),1.7,6.44,34.0,75.0,22.0,19.1408374,72.8332241,22.47,K/W Ward,Maharashtra,1,7/6/2022,7/6/2022,low,Nissan,shop/car,7 Bungalows Andheri West,2022,4/13/2022,7 Bungalows Andheri West
90 ft road,Mumbai,east,none,Magathane,no,Mindspace Airoli,12.51,red,24.87,no,no,True,Azad Nagar Bus Stop,13.08,6km+,1.0,Thakurli,0.88,29.14,13.0,55.0,2.0,19.2203974,73.1036411,42.13,Thakurli,Maharashtra,1,7/6/2022,7/6/2022,low,90ft Road,highway/secondary,90 ft road,2022,4/13/2022,90 ft road
Kandivali West,Mumbai,north,operational,Dahanukarwadi,yes,Mindspace Malad,2.4,yellow,0.54,yes,yes,True,Dahanukarwadi,0.54,0-3km,1.0,Kandivali,1.25,13.05,25.0,98.0,10.0,19.2055321,72.8399273,29.66,R/S Ward,Maharashtra,1,6/15/2022,6/15/2022,high,Kandivali West,place/suburb,Kandivali West,2022,4/13/2022,"Acme Avenue, Kandivali West"
4 Bunglows,Mumbai,east,none,Poisar,yes,Wagle Estate Thane,2.65,red,11.42,no,no,True,Azad Nagar Bus Stop,6.64,0-3km,13.0,Thane,0.81,15.18,30.0,118.0,13.0,19.1823295,72.9694662,30.53,Kopri,Maharashtra,1,7/6/2022,7/6/2022,medium,Twelve Bunglows,highway/bus_stop,4 Bunglows,2022,4/13/2022,"Adani Western Heights, 4 Bunglows"
Andheri West,Mumbai,west,operational,Azad Nagar,yes,SEEPZ Andheri East,2.13,blue,1.14,yes,yes,True,Azad Nagar,1.14,0-3km,13.0,Andheri,1.34,4.28,33.0,91.0,15.0,19.1172495,72.833968,19.84,K/W Ward,Maharashtra,3,5/31/2022,7/7/2022,high,Andheri West,place/suburb,Andheri West,2022,4/13/2022,"Adani Western Heights, Andheri West"
Raheja Vihar,Mumbai,east,operational,Saki Naka,yes,Hiranandani Business Park Powai,1.66,blue,1.89,yes,yes,True,Aarey JVLR,1.69,0-3km,18.0,Vikhroli,3.56,4.68,10.0,25.0,16.0,19.1191663,72.8951234,21.02,L Ward,Maharashtra,1,6/23/2022,6/23/2022,medium,Raheja Vihar Circular Road,landuse/residential,Raheja Vihar,2022,4/13/2022,"Adityavardhan Apartment, Raheja Vihar"
Agripada,Mumbai,south,under_construction,Ghatkopar L1,yes,Lower Parel Business District,3.16,blue,15.18,yes,no,False,Mahalaxmi,0.49,3-6km,1.0,Byculla,0.83,13.4,55.0,66.0,7.0,18.97504,72.8250555,4.17,E Ward,Maharashtra,1,5/27/2022,5/27/2022,high,Agripada,place/neighbourhood,Agripada,2022,4/13/2022,Agripada
Mindspace,Mumbai,north,none,Kandarpada,no,Mindspace Malad,30.36,yellow,22.52,no,no,True,Kashigaon,21.13,6km+,0.0,Virar,0.3,41.0,3.0,36.0,6.0,19.4553807,72.8089778,57.51,Virar West,Maharashtra,1,7/7/2022,7/7/2022,low,"Jain Mandir Road,Ahimsa Marg",highway/residential,Ahimsa Marg Mindspace,2022,4/13/2022,"Ahimsa Marg, Mindspace"
Indralok,Mumbai,north,none,Anand Nagar,no,Mindspace Malad,13.55,yellow,5.03,no,no,True,Kashigaon,2.76,6km+,0.0,Bhayandar,2.44,23.57,7.0,29.0,2.0,19.3018253,72.8741489,40.57,Ghodbunder,Maharashtra,1,5/17/2022,5/17/2022,low,Aims Sea View Co-operative Housing Society,building/yes,Aims Sea View Indralok,2022,4/13/2022,"Aims Sea View, Indralok"
Bhakti Park,Mumbai,south,none,Ghatkopar L1,yes,Bandra Kurla Complex,4.6,blue,7.2,no,no,True,Chembur,3.23,3-6km,4.0,Bhakti Park,0.24,7.14,5.0,8.0,0.0,19.0278681,72.8795682,10.94,M/W Ward,Maharashtra,7,5/27/2022,7/9/2022,high,Bhakti Park,place/neighbourhood,Bhakti Park,2022,4/13/2022,"Ajmera Bhakti Park, Bhakti Park"
Marol,Mumbai,east,operational,Airport Road,yes,MIDC Andheri East,0.53,blue,0.6,yes,yes,True,MIDC - Andheri,0.53,0-3km,21.0,Andheri,3.33,3.11,13.0,46.0,5.0,19.1144347,72.8776145,20.03,K/E Ward,Maharashtra,1,6/16/2022,6/16/2022,high,Marol Village,place/neighbourhood,Marol,2022,4/13/2022,"Akruti Aneri, Marol"
Sakinaka Junction,Mumbai,unknown,unknown,unknown,unknown,unknown,,unknown,,unknown,unknown,,unknown,,unknown,,unknown,,,,,,,,,,,2,6/13/2022,6/14/2022,none,,,,2022,4/13/2022,"Akruti Orchid Park, Sakinaka Junction"
Turner Road,Mumbai,south,under_construction,Western Express Highway,yes,Bandra Kurla Complex,3.75,blue,6.99,yes,no,False,Dharavi,2.29,3-6km,7.0,Bandra,0.96,4.9,44.0,54.0,8.0,19.0575631,72.8314731,13.21,Bandra West,Maharashtra,1,6/3/2022,6/3/2022,low,Almeida Park,leisure/park,Almeida Park Turner Road,2022,4/13/2022,"Almeida Park, Turner Road"
Kandivali East,Mumbai,north,operational,Magathane,yes,Mindspace Malad,4.63,red,1.24,yes,yes,True,Magathane,1.24,3-6km,0.0,Kandivali,2.62,13.36,5.0,24.0,7.0,19.2097189,72.8759248,30.42,R/S Ward,Maharashtra,1,7/9/2022,7/9/2022,high,Thakur Village,place/suburb,Thakur Village,2022,4/13/2022,"Alpine Shapoorji Pallonji, Thakur Village, Kandivali East"
Pathanwadi,Mumbai,north,operational,Dindoshi,yes,Mindspace Malad,2.28,red,0.43,yes,yes,True,Dindoshi,0.43,0-3km,3.0,Malad,1.66,9.94,16.0,76.0,6.0,19.1795154,72.8623967,26.92,P/N Ward,Maharashtra,1,5/31/2022,5/31/2022,high,Pathanwadi,place/locality,Pathanwadi,2022,4/13/2022,"Alta Monte, Pathanwadi"
Altamount Road,Mumbai,south,under_construction,Ghatkopar L1,yes,Nariman Point CBD,4.46,blue,17.2,yes,no,False,Grant Road,1.08,3-6km,1.0,Grant Road,0.85,15.14,51.0,63.0,5.0,18.9643815,72.807864,4.06,D Ward,Maharashtra,1,7/9/2022,7/9/2022,low,Altamount Road (S K Barodawala Marg),highway/tertiary,Altamount Road,2022,4/13/2022,Altamount Road
Chembur,Mumbai,east,under_construction,Ghatkopar L1,yes,Bandra Kurla Complex,3.65,blue,3.7,yes,no,False,Diamond Garden,0.53,3-6km,5.0,VNP & RC Marg Junction,0.46,5.39,32.0,81.0,13.0,19.054818,72.8979713,14.48,M/W Ward,Maharashtra,2,5/22/2022,5/22/2022,high,Chembur,place/suburb,Chembur,2022,4/13/2022,"Altavista, Chembur"
Sion Trombay Road,Mumbai,east,under_construction,Ghatkopar L1,yes,Bandra Kurla Complex,5.29,blue,4.56,yes,no,False,Shivaji Chowk (Chembur),0.46,3-6km,4.0,Govandi,1.16,7.04,33.0,54.0,15.0,19.0457837,72.9106688,14.29,M/E Ward,Maharashtra,1,5/13/2022,5/13/2022,low,Sion Panvel Highway,highway/trunk,Altavista Sion Trombay Road,2022,4/13/2022,"Altavista, Sion Trombay Road"
Amar Nagar,Mumbai,east,none,Aarey,yes,Wagle Estate Thane,3.89,red,7.74,no,no,True,Aarey JVLR,6.57,3-6km,3.0,Nahur,2.12,11.35,33.0,36.0,6.0,19.1682298,72.9324791,27.48,T Ward,Maharashtra,1,7/4/2022,7/4/2022,high,Amar Nagar,place/neighbourhood,Amar Nagar,2022,4/13/2022,Amar Nagar
Ghatkopar,Mumbai,east,operational,Ghatkopar L1,yes,Godrej One Vikhroli,2.53,blue,1.14,yes,yes,True,Ghatkopar L1,1.14,0-3km,11.0,Ghatkopar,1.09,5.89,9.0,81.0,5.0,19.0842323,72.918635,18.39,N Ward,Maharashtra,1,5/15/2022,5/15/2022,high,Ghatkopar,place/suburb,Ghatkopar,2022,4/13/2022,"Ambika Siddhi Apartment, Ghatkopar"
Borivali East,Mumbai,north,operational,Devipada,yes,Mindspace Malad,5.22,red,0.39,yes,yes,True,Devipada,0.39,3-6km,0.0,Borivali,0.55,15.19,8.0,106.0,14.0,19.2267228,72.8619328,32.14,R/C Ward,Maharashtra,1,6/12/2022,6/12/2022,high,Borivali East,place/suburb,Borivali East,2022,4/13/2022,"Ambrosia Apartment, Borivali East"
Anand niwas,Mumbai,east,none,Ghatkopar L1,yes,Mindspace Airoli,3.42,blue,16.32,no,no,True,Azad Nagar Bus Stop,7.76,3-6km,9.0,Mumbra,0.63,19.9,2.0,5.0,0.0,19.1843187,73.0240401,33.74,Mumbra,Maharashtra,1,7/9/2022,7/9/2022,low,devki niwas,building/yes,Anand niwas,2022,4/13/2022,Anand niwas
Mahavir Nagar,Mumbai,north,operational,Kandivali (West),yes,Mindspace Malad,3.46,yellow,0.12,yes,yes,True,Kandivali (West),0.12,3-6km,0.0,Kandivali,1.89,14.13,25.0,74.0,8.0,19.2149882,72.8378643,30.71,R/S Ward,Maharashtra,1,7/9/2022,7/9/2022,high,Mahavir Nagar,place/quarter,Mahavir Nagar,2022,4/13/2022,"Anant Bhoomi, Mahavir Nagar"
Andheri East,Mumbai,west,operational,Western Express Highway,yes,SEEPZ Andheri East,0.0,blue,0.23,yes,yes,True,Gundavali,0.18,0-3km,15.0,Andheri,0.92,3.0,36.0,92.0,5.0,19.1158835,72.854202,19.79,K/E Ward,Maharashtra,7,4/29/2022,7/7/2022,high,Andheri East,place/suburb,Andheri East,2022,4/13/2022,Andheri East
Lokhandwala Twp,Mumbai,north,operational,Poisar,yes,Mindspace Malad,4.19,red,1.69,yes,yes,True,Poisar,1.69,3-6km,1.0,Kandivali,2.85,12.13,3.0,15.0,7.0,19.1982642,72.8781938,29.2,R/S Ward,Maharashtra,1,6/30/2022,6/30/2022,high,Anita Nagar,place/locality,Anita,2022,4/13/2022,"Anita, Lokhandwala Twp"
anjali,Mumbai,east,none,Ghatkopar L1,yes,Vashi Business District,1.73,blue,10.65,no,no,True,CBD Belapur,6.03,0-3km,4.0,Sanpada,0.34,15.37,23.0,18.0,7.0,19.0645682,73.0066333,22.8,Sanpada,Maharashtra,1,7/9/2022,7/9/2022,medium,Anjali Apartments,landuse/residential,anjali,2022,4/13/2022,anjali
Antop Hill,Mumbai,south,none,Ghatkopar L1,yes,Lower Parel Business District,4.65,blue,8.12,no,no,True,Dadar,3.08,3-6km,4.0,Acharya Atre Nagar,0.5,7.39,43.0,34.0,4.0,19.0239461,72.8685474,10.09,F/N Ward,Maharashtra,1,5/23/2022,5/23/2022,high,Antop Hill,place/suburb,Antop Hill,2022,4/13/2022,Antop Hill
Wadala,Mumbai,south,none,Ghatkopar L1,yes,Bandra Kurla Complex,4.6,blue,7.46,no,no,True,Dharavi,3.49,3-6km,4.0,Bhakti Park,0.29,7.16,16.0,16.0,0.0,19.0269192,72.8759337,10.69,F/N Ward,Maharashtra,1,7/6/2022,7/6/2022,high,Wadala,place/suburb,Wadala,2022,4/13/2022,"Antop Hill, Wadala"
Anushakti Nagar,Mumbai,east,under_construction,Ghatkopar L1,no,Bandra Kurla Complex,6.67,blue,5.44,yes,no,False,Deonar,0.76,6km+,0.0,Mankhurd,1.39,8.39,26.0,16.0,15.0,19.0395778,72.9221562,14.45,M/E Ward,Maharashtra,1,4/29/2022,4/29/2022,high,Anushakti Nagar,place/suburb,Anushakti Nagar,2022,4/13/2022,Anushakti Nagar
Prabhadevi,Mumbai,south,under_construction,Asalpha,yes,Lower Parel Business District,1.35,blue,11.48,yes,no,False,Siddhivinayak Temple,0.33,0-3km,4.0,Prabhadevi,1.17,9.14,47.0,48.0,5.0,19.0148811,72.8279556,8.5,G/S Ward,Maharashtra,1,7/9/2022,7/9/2022,high,Prabhadevi,place/suburb,Prabhadevi,2022,4/13/2022,"Aristo Pearl Residency, Prabhadevi"
Lower Parel,Mumbai,south,under_construction,Ghatkopar L1,yes,Lower Parel Business District,0.0,blue,12.39,yes,no,False,Worli,1.32,0-3km,3.0,Prabhadevi,0.77,10.28,50.0,55.0,8.0,19.0029881,72.8303219,7.16,G/S Ward,Maharashtra,1,7/6/2022,7/6/2022,high,Lower Parel,place/suburb,Lower Parel,2022,4/13/2022,"Ashford Casa Grande, Lower Parel"
Parel,Mumbai,south,under_construction,Ghatkopar L1,yes,Lower Parel Business District,1.42,blue,11.1,yes,no,False,Siddhivinayak Temple,1.47,0-3km,3.0,Parel,0.52,9.34,64.0,73.0,5.0,19.0084268,72.842505,7.78,F/S Ward,Maharashtra,1,7/9/2022,7/9/2022,high,Parel,place/suburb,Parel,2022,4/13/2022,"Ashok tower, Parel"
Ashok Van,Mumbai,south,under_construction,Asalpha,yes,Lower Parel Business District,1.95,blue,10.76,yes,no,False,Siddhivinayak Temple,0.52,0-3km,4.0,Dadar,1.21,8.42,54.0,63.0,5.0,19.0205197,72.8313766,9.1,G/N Ward,Maharashtra,1,6/2/2022,6/2/2022,low,Ashok Vada Pav,amenity/fast_food,Ashok Van,2022,4/13/2022,Ashok Van
Adarsh Nagar,Mumbai,south,under_construction,Western Express Highway,yes,Bandra Kurla Complex,3.9,blue,6.63,yes,no,False,Bandra Colony,2.31,3-6km,6.0,Bandra Terminus,1.3,4.73,39.0,50.0,7.0,19.0622146,72.8289581,13.74,Bandra West,Maharashtra,1,5/13/2022,5/13/2022,high,Adarsh Nagar,place/neighbourhood,Adarsh Nagar,2022,4/13/2022,"Auris Serenity, Adarsh Nagar"
Kanch Pada,Mumbai,unknown,unknown,unknown,unknown,unknown,,unknown,,unknown,unknown,,unknown,,unknown,,unknown,,,,,,,,,,,6,5/18/2022,7/6/2022,none,,,,2022,4/13/2022,"Auris Serenity, Kanch Pada"
Link Road,Mumbai,west,operational,D. N. Nagar,yes,SEEPZ Andheri East,2.56,blue,1.23,yes,yes,True,D. N. Nagar,1.23,0-3km,13.0,Andheri,1.76,4.59,33.0,87.0,15.0,19.117227,72.8298965,19.85,K/W Ward,Maharashtra,1,5/11/2022,5/11/2022,low,Link Road,highway/primary,Link Road,2022,4/13/2022,"Auris Serenity, Link Road"
Malad West,Mumbai,north,operational,Kurar,yes,Mindspace Malad,0.0,red,1.85,yes,yes,True,Malad (West),0.58,0-3km,3.0,Malad,0.83,10.68,24.0,94.0,13.0,19.1840129,72.8412155,27.27,P/N Ward,Maharashtra,3,5/18/2022,7/7/2022,high,Malad West,place/suburb,Malad West,2022,4/13/2022,"Auris Serenity, Malad West"
Worli,Mumbai,south,under_construction,Western Express Highway,yes,Lower Parel Business District,1.63,blue,12.27,yes,no,False,Worli,0.38,0-3km,4.0,Prabhadevi,1.95,9.92,31.0,22.0,6.0,19.0117388,72.8178706,8.32,G/S Ward,Maharashtra,1,6/26/2022,6/26/2022,high,Worli,place/suburb,Worli,2022,4/13/2022,"Avarsekar Heights, Worli"
Azad Nagar Colaba,Mumbai,south,under_construction,Ghatkopar L1,yes,Nariman Point CBD,1.63,blue,21.37,yes,no,False,Cuffe Parade,0.18,0-3km,0.0,Churchgate,2.61,20.21,19.0,15.0,7.0,18.9125419,72.8220815,3.24,A Ward,Maharashtra,1,7/6/2022,7/6/2022,low,Colaba Chambers,building/yes,Azad Nagar Colaba,2022,4/13/2022,Azad Nagar Colaba
Amit Nagar,Mumbai,west,operational,Versova,yes,Nirlon Knowledge Park,4.32,blue,0.85,yes,yes,True,Versova,0.85,3-6km,7.0,Jogeshwari (Western Line),3.36,7.08,25.0,56.0,17.0,19.1367249,72.8169871,22.09,K/W Ward,Maharashtra,1,7/9/2022,7/9/2022,low,Badrinath Tower Road,highway/tertiary,Badrinath Tower Amit Nagar,2022,4/13/2022,"Badrinath Tower, Amit Nagar"
Goregaon East,Mumbai,north,operational,Aarey,yes,Nirlon Knowledge Park,1.62,red,0.37,yes,yes,True,Aarey,0.37,0-3km,5.0,Goregaon,0.77,8.83,14.0,72.0,6.0,19.1692623,72.8552548,25.71,P/S Ward,Maharashtra,1,4/29/2022,4/29/2022,high,Goregaon East,place/suburb,Balkrishna Goregaon East,2022,4/13/2022,"Balkrishna, Goregaon East"
Lokhandwala Complex,Mumbai,west,operational,Versova,yes,Nirlon Knowledge Park,3.29,blue,1.47,yes,yes,True,Lower Oshiwara,0.79,3-6km,7.0,Jogeshwari (Harbour Line),2.62,7.13,28.0,67.0,21.0,19.1430985,72.8246055,22.75,K/W Ward,Maharashtra,1,6/27/2022,6/27/2022,high,Lokhandwala Complex,place/neighbourhood,Lokhandwala Complex,2022,4/13/2022,"Ballerina Apartment, Lokhandwala Complex"
Bandra Band Stand,Mumbai,south,under_construction,Western Express Highway,yes,Lower Parel Business District,4.85,blue,8.65,yes,no,False,Shitala Devi Mandir,2.35,3-6km,5.0,Bandra,2.27,6.62,21.0,17.0,2.0,19.0456829,72.8209967,11.98,Bandra West,Maharashtra,1,6/30/2022,6/30/2022,low,Band Stand,building/apartments,Band Stand Bandra Band Stand,2022,4/13/2022,"Band Stand, Bandra Band Stand"
Bandra East,Mumbai,south,under_construction,Chakala - J.B. Nagar,yes,Bandra Kurla Complex,1.78,blue,5.91,yes,no,False,Bandra Kurla Complex (BKC),0.52,0-3km,7.0,Bandra Terminus,0.9,3.46,30.0,51.0,7.0,19.0616565,72.8498111,13.74,H/E Ward,Maharashtra,1,6/13/2022,6/13/2022,high,Bandra East,place/suburb,Bandra East,2022,4/13/2022,Bandra East
Bandra West,Mumbai,south,under_construction,Western Express Highway,yes,Bandra Kurla Complex,3.85,blue,6.96,yes,no,False,Bandra Colony,2.39,3-6km,6.0,Bandra,1.11,4.93,43.0,54.0,7.0,19.0583358,72.8302669,13.3,Mumbai,Maharashtra,37,5/12/2022,7/9/2022,high,Bandra West,place/suburb,Bandra West,2022,4/13/2022,Bandra West
Waterfield Road,Mumbai,south,under_construction,Western Express Highway,yes,Bandra Kurla Complex,3.28,blue,6.2,yes,no,False,Bandra Colony,1.68,3-6km,7.0,Bandra Terminus,0.71,4.15,47.0,65.0,9.0,19.0640655,72.8346916,13.93,H/W Ward,Maharashtra,1,6/16/2022,6/16/2022,low,RK Patkar Marg (Waterfield Road),highway/tertiary,Waterfield Road,2022,4/13/2022,"Benchmark Solus, Waterfield Road"
Thakur Complex,Mumbai,north,operational,Magathane,yes,Mindspace Malad,3.88,red,0.67,yes,yes,True,Magathane,0.67,3-6km,0.0,Kandivali,1.54,13.47,6.0,59.0,12.0,19.2112442,72.8643107,30.45,R/S Ward,Maharashtra,1,5/14/2022,5/14/2022,medium,Thakur Complex,landuse/residential,Thakur Complex,2022,4/13/2022,"Benzer Tower, Thakur Complex"
Best Nagar Goregaon West,Mumbai,north,under_construction,Aarey,yes,Nirlon Knowledge Park,1.24,red,2.59,yes,no,False,Oshiwara,1.09,0-3km,11.0,Ram Mandir,0.89,7.26,25.0,56.0,12.0,19.1523685,72.8418255,23.76,P/S Ward,Maharashtra,1,7/9/2022,7/9/2022,medium,Best Nagar 1,landuse/residential,Best Nagar Goregaon West,2022,4/13/2022,Best Nagar Goregaon West
Beverly Park,Mumbai,north,under_construction,Anand Nagar,no,Mindspace Malad,11.76,yellow,3.3,yes,no,False,Kashigaon,1.69,6km+,0.0,Mira Road,1.32,21.88,13.0,47.0,4.0,19.2868429,72.8673591,38.85,Mira,Maharashtra,1,7/7/2022,7/7/2022,medium,Beverly Park,highway/bus_stop,Beverly Park,2022,4/13/2022,Beverly Park
Mira Road,Mumbai,east,none,Ghatkopar L1,yes,Millennium Business Park Mahape,2.88,blue,9.68,no,no,True,Mandale,9.59,0-3km,10.0,Ghansoli,1.39,14.11,7.0,4.0,1.0,19.1181799,72.9939112,25.99,Ghansoli,Maharashtra,1,7/1/2022,7/1/2022,medium,Bhairaav Goldcrest Residency,landuse/residential,Bhairav Residency,2022,4/13/2022,"Bhairav Residency, Mira Road"
Bhandup,Mumbai,east,none,Jagruti Nagar,yes,Godrej One Vikhroli,3.75,blue,6.19,no,no,True,Aarey JVLR,5.51,3-6km,6.0,Bhandup,0.57,9.35,27.0,39.0,2.0,19.1378308,72.9361964,24.54,S Ward,Maharashtra,1,6/16/2022,6/16/2022,high,Bhandup East,place/suburb,Bhandup,2022,4/13/2022,Bhandup
Bhandup East,Mumbai,east,none,Jagruti Nagar,yes,Godrej One Vikhroli,3.75,blue,6.19,no,no,True,Aarey JVLR,5.51,3-6km,6.0,Bhandup,0.57,9.35,27.0,39.0,2.0,19.1378308,72.9361964,24.54,S Ward,Maharashtra,2,5/10/2022,5/31/2022,high,Bhandup East,place/suburb,Bhandup East,2022,4/13/2022,Bhandup East
Bhandup Village,Mumbai,east,none,Jagruti Nagar,yes,Wagle Estate Thane,5.34,blue,7.82,no,no,True,Aarey JVLR,6.6,3-6km,2.0,Nahur,0.54,10.82,26.0,44.0,6.0,19.1510112,72.9432535,26.18,S Ward,Maharashtra,1,6/25/2022,6/25/2022,high,Bhandup Village West,place/neighbourhood,Bhandup Village,2022,4/13/2022,Bhandup Village
Bhandup West,Mumbai,east,none,Saki Naka,yes,Godrej One Vikhroli,4.64,blue,6.78,no,no,True,Aarey JVLR,5.5,3-6km,6.0,Bhandup,0.55,9.73,20.0,42.0,4.0,19.1462636,72.9339461,25.29,S Ward,Maharashtra,5,4/29/2022,6/20/2022,high,Bhandup West,place/suburb,Bhandup West,2022,4/13/2022,Bhandup West
Bhatti Pada,Mumbai,east,none,Anand Nagar,no,Wagle Estate Thane,8.93,yellow,9.43,no,no,True,Azad Nagar Bus Stop,5.11,6km+,2.0,Kharbhav,3.93,23.02,5.0,7.0,4.0,19.2788123,72.9532408,39.78,Bhayander Pada,Maharashtra,1,6/4/2022,6/4/2022,low,Bhatti Road,highway/residential,Bhatti Pada,2022,4/13/2022,Bhatti Pada
Bhayandar East,Mumbai,north,none,Anand Nagar,no,Mindspace Malad,13.08,yellow,4.78,no,no,True,Kashigaon,3.14,6km+,0.0,Bhayandar,1.49,23.33,10.0,67.0,4.0,19.3000043,72.8619098,40.26,Bhayander East,Maharashtra,1,5/25/2022,5/25/2022,low,Mira Bhayandar Sports Complex,leisure/sports_centre,Bhayandar East,2022,4/13/2022,Bhayandar East
Bhoiwada,Mumbai,south,under_construction,Ghatkopar L1,yes,Lower Parel Business District,1.67,blue,11.17,yes,no,False,Siddhivinayak Temple,1.99,0-3km,3.0,Ambedkar Nagar,0.43,9.62,49.0,56.0,1.0,19.0050981,72.846061,7.46,F/S Ward,Maharashtra,1,5/27/2022,5/27/2022,high,Bhoiwada,place/neighbourhood,Bhoiwada,2022,4/13/2022,Bhoiwada
Dadar East,Mumbai,south,under_construction,Ghatkopar L1,yes,Lower Parel Business District,2.63,blue,9.76,yes,no,False,Dadar,0.97,0-3km,5.0,Dadar,0.51,7.96,85.0,96.0,10.0,19.0200578,72.8475907,9.13,F/N Ward,Maharashtra,3,5/14/2022,7/9/2022,high,Dadar Hindu Colony,place/neighbourhood,Dadar East,2022,4/13/2022,"Bombay Dyeing Two ICC, Dadar East"
Dadar TT Circle,Mumbai,south,under_construction,Ghatkopar L1,yes,Lower Parel Business District,2.47,blue,9.94,yes,no,False,Dadar,1.11,0-3km,4.0,Dadar East,0.5,8.2,81.0,90.0,10.0,19.0178314,72.8478234,8.88,F/N Ward,Maharashtra,1,5/25/2022,5/25/2022,low,Khodadad Circle,leisure/garden,Dadar TT Circle,2022,4/13/2022,"Bombay Dyeing Two ICC, Dadar TT Circle"
Borivali West,Mumbai,north,operational,Borivali (West),yes,Mindspace Malad,5.27,yellow,0.0,yes,yes,True,Borivali (West),0.0,3-6km,0.0,Borivali,1.75,15.87,20.0,80.0,14.0,19.2313925,72.8408607,32.54,R/C Ward,Maharashtra,4,4/28/2022,6/28/2022,medium,Borivali (West),railway/station,Borivali West,2022,4/13/2022,Borivali West
Breach Candy,Mumbai,south,under_construction,Ghatkopar L1,yes,Lower Parel Business District,4.39,blue,16.77,yes,no,False,Grant Road,1.64,3-6km,1.0,Grant Road,1.44,14.53,40.0,47.0,5.0,18.9714363,72.8051492,4.83,D Ward,Maharashtra,4,6/23/2022,7/1/2022,high,Breach Candy,place/neighbourhood,Breach Candy,2022,4/13/2022,Breach Candy
buena vista,Mumbai,south,under_construction,Western Express Highway,yes,Lower Parel Business District,1.56,blue,13.1,yes,no,False,Worli,0.59,0-3km,3.0,Lower Parel,1.83,10.74,23.0,14.0,6.0,19.0045679,72.8156193,7.6,G/S Ward,Maharashtra,1,7/9/2022,7/9/2022,low,Buena Vista,building/apartments,buena vista,2022,4/13/2022,buena vista
Byculla West,Mumbai,south,under_construction,Ghatkopar L1,yes,Lower Parel Business District,3.11,blue,14.98,yes,no,False,Mahalaxmi,0.57,3-6km,1.0,Byculla,0.51,13.3,51.0,61.0,5.0,18.9750879,72.8282502,4.1,E Ward,Maharashtra,1,7/9/2022,7/9/2022,high,Byculla West,place/suburb,Byculla West,2022,4/13/2022,Byculla West
Carter Road,Mumbai,west,none,Western Express Highway,yes,Bandra Kurla Complex,4.6,blue,7.0,no,no,True,Bandra Colony,2.99,3-6km,6.0,Khar Road,2.0,5.31,31.0,43.0,4.0,19.061761,72.8222815,13.74,Bandra West,Maharashtra,1,6/3/2022,6/3/2022,low,Carter Road,highway/secondary,Carter Road,2022,4/13/2022,Carter Road
Balkrishna Dadu Karade Chowk,Mumbai,south,none,Ghatkopar L1,yes,Lower Parel Business District,2.13,blue,12.16,no,no,True,Science Centre,2.79,0-3km,2.0,Mint Colony,0.49,10.88,19.0,33.0,0.0,18.9933526,72.8477938,6.2,F/S Ward,Maharashtra,1,6/20/2022,6/20/2022,medium,Celestia Spaces,landuse/residential,Celestia Spaces,2022,4/13/2022,"Celestia Spaces, Balkrishna Dadu Karade Chowk"
Central Area,Mumbai,east,none,Saki Naka,yes,Hiranandani Business Park Powai,1.99,blue,4.0,no,no,True,Aarey JVLR,3.49,0-3km,14.0,Kanjur Marg,1.16,7.0,38.0,21.0,20.0,19.1264711,72.9172833,22.57,S Ward,Maharashtra,2,5/14/2022,6/17/2022,low,Estate Office (Central Area),building/office,Central Area,2022,4/13/2022,Central Area
Central Avenue Road,Mumbai,south,none,Ghatkopar L1,no,Bandra Kurla Complex,8.64,blue,9.1,no,no,True,Deonar,4.42,6km+,0.0,Mysore Colony,3.55,10.94,0.0,0.0,0.0,19.0051071,72.9152702,11.18,M/E Ward,Maharashtra,2,5/31/2022,7/6/2022,low,Central Avenue New Mandala Road,highway/tertiary,Central Avenue Road,2022,4/13/2022,Central Avenue Road
Century Bazaar,Mumbai,unknown,unknown,unknown,unknown,unknown,,unknown,,unknown,unknown,,unknown,,unknown,,unknown,,,,,,,,,,,1,7/7/2022,7/7/2022,none,,,,2022,4/13/2022,Century Bazaar
Chakala,Mumbai,east,operational,Western Express Highway,yes,SEEPZ Andheri East,0.8,blue,0.57,yes,yes,True,Western Express Highway,0.57,0-3km,16.0,Andheri,1.69,2.8,29.0,68.0,3.0,19.1152873,72.8618085,19.82,K/E Ward,Maharashtra,2,6/28/2022,7/1/2022,high,Chakala,place/neighbourhood,Chakala,2022,4/13/2022,Chakala
chakala andheri east,Mumbai,south,operational,Western Express Highway,yes,SEEPZ Andheri East,1.01,blue,0.89,yes,yes,True,Gundavali,0.82,0-3km,16.0,Andheri,1.87,2.06,28.0,75.0,5.0,19.1084739,72.8597027,19.04,K/E Ward,Maharashtra,1,4/27/2022,4/27/2022,high,Chakala Village,place/neighbourhood,chakala andheri east,2022,4/13/2022,chakala andheri east
Chakala Cigarette Factory,Mumbai,south,operational,Western Express Highway,yes,SEEPZ Andheri East,1.06,blue,0.98,yes,yes,True,Gundavali,0.88,0-3km,14.0,Vile Parle,1.74,1.96,26.0,74.0,5.0,19.107299,72.8585798,18.89,K/E Ward,Maharashtra,1,5/1/2022,5/1/2022,low,,building/yes,Chakala Cigarette Factory,2022,4/13/2022,Chakala Cigarette Factory
Yari Road,Mumbai,west,operational,Versova,yes,Nirlon Knowledge Park,4.85,blue,1.38,yes,yes,True,Versova,1.38,3-6km,6.0,Jogeshwari (Western Line),4.01,7.61,13.0,39.0,8.0,19.1377216,72.8108361,22.27,K/W Ward,Maharashtra,1,6/2/2022,6/2/2022,medium,Kalyan Complex Riddhi Siddhi Vriddhi,landuse/residential,Chanchal Kalyan Complex,2022,4/13/2022,"Chanchal Kalyan Complex, Yari Road"
Chandivali,Mumbai,east,operational,Saki Naka,yes,Hiranandani Business Park Powai,1.44,blue,0.93,yes,yes,True,Saki Naka,0.93,0-3km,19.0,Ghatkopar,2.98,3.94,14.0,36.0,13.0,19.1091482,72.8945793,19.94,L Ward,Maharashtra,8,5/11/2022,7/9/2022,high,Chandivali,place/suburb,Chandivali,2022,4/13/2022,Chandivali
Charkop,Mumbai,north,operational,Kandivali (West),yes,Mindspace Malad,3.72,yellow,1.2,yes,yes,True,Kandivali (West),1.2,3-6km,0.0,Kandivali,2.94,14.32,17.0,32.0,8.0,19.2141193,72.8258652,30.63,R/S Ward,Maharashtra,3,5/25/2022,7/6/2022,high,Charkop,place/suburb,Charkop,2022,4/13/2022,Charkop
Charkop Sector 6,Mumbai,north,operational,Shimpoli,yes,Mindspace Malad,4.6,yellow,0.81,yes,yes,True,Shimpoli,0.81,3-6km,0.0,Borivali,2.55,15.28,21.0,45.0,8.0,19.224787,72.8335467,31.8,R/C Ward,Maharashtra,1,7/6/2022,7/6/2022,low,RCS Road Number 6,highway/residential,Charkop Sector 6,2022,4/13/2022,Charkop Sector 6
Sindhi Society Chembur,Mumbai,south,under_construction,Ghatkopar L1,yes,Bandra Kurla Complex,3.05,blue,4.46,yes,no,False,Chembur,0.54,3-6km,6.0,VNP & RC Marg Junction,0.58,5.16,29.0,82.0,8.0,19.0508747,72.8890543,13.68,M/W Ward,Maharashtra,1,7/6/2022,7/6/2022,high,Sindhi Society,place/neighbourhood,Chembur Heights Sindhi Society Chembur,2022,4/13/2022,"Chembur Heights, Sindhi Society Chembur"
Chikuwadi,Mumbai,east,under_construction,Ghatkopar L1,yes,Godrej One Vikhroli,4.79,blue,3.62,yes,no,False,Mankhurd,1.4,3-6km,4.0,Mankhurd,1.52,7.75,18.0,26.0,7.0,19.0617883,72.9302663,16.93,M/E Ward,Maharashtra,1,7/9/2022,7/9/2022,high,Chikalwadi,place/neighbourhood,Chikuwadi,2022,4/13/2022,Chikuwadi
Chinmay Gaurang Infrastructure Old Panvel,Mumbai,unknown,unknown,unknown,unknown,unknown,,unknown,,unknown,unknown,,unknown,,unknown,,unknown,,,,,,,,,,,1,6/27/2022,6/27/2022,none,,,,2022,4/13/2022,Chinmay Gaurang Infrastructure Old Panvel
Chirag Nagar,Mumbai,east,operational,Jagruti Nagar,yes,Hiranandani Business Park Powai,2.66,blue,0.53,yes,yes,True,Jagruti Nagar,0.53,0-3km,13.0,Ghatkopar,0.8,4.02,18.0,89.0,14.0,19.0878678,72.9010736,17.96,N Ward,Maharashtra,1,5/11/2022,5/11/2022,medium,Chirag Nagar Police Colony,landuse/residential,Chirag Nagar,2022,4/13/2022,Chirag Nagar
Collector Colony,Mumbai,south,under_construction,Ghatkopar L1,yes,Bandra Kurla Complex,3.82,blue,5.13,yes,no,False,Chembur,1.21,3-6km,4.0,Fertilizer Township,0.19,6.04,17.0,52.0,9.0,19.0432474,72.8918081,13.04,M/W Ward,Maharashtra,2,5/14/2022,6/30/2022,high,Collector Colony,place/neighbourhood,Collector Colony,2022,4/13/2022,Collector Colony
Film City Road,Mumbai,east,none,Aarey,yes,Nirlon Knowledge Park,3.9,red,3.54,no,no,True,Aarey JVLR,3.15,3-6km,7.0,Ram Mandir,4.3,8.1,4.0,11.0,0.0,19.1582019,72.8903556,25.07,P/N Ward,Maharashtra,1,5/31/2022,5/31/2022,low,Dadasaheb Phalke Chitranagari,amenity/studio,Film City Road,2022,4/13/2022,"Conwood Astoria, Film City Road"
Cuffe Parade,Mumbai,south,under_construction,Ghatkopar L1,yes,Nariman Point CBD,1.35,blue,21.19,yes,no,False,Cuffe Parade,0.31,0-3km,0.0,Churchgate,2.36,19.93,20.0,15.0,7.0,18.9157866,72.8189036,3.09,A Ward,Maharashtra,1,5/25/2022,5/25/2022,high,Cuffe Parade,place/neighbourhood,Cuffe Parade,2022,4/13/2022,Cuffe Parade
D.N. Nagar,Mumbai,west,operational,D. N. Nagar,yes,SEEPZ Andheri East,2.87,blue,0.0,yes,yes,True,D. N. Nagar,0.0,0-3km,14.0,Andheri,1.95,5.46,32.0,86.0,18.0,19.1282826,72.8302354,21.08,K/W Ward,Maharashtra,2,4/29/2022,7/3/2022,medium,D.N. Nagar,railway/station,D.N. Nagar,2022,4/13/2022,D.N. Nagar
Dadar West,Mumbai,south,under_construction,Asalpha,yes,Lower Parel Business District,2.47,blue,10.03,yes,no,False,Dadar,0.11,0-3km,6.0,Dadar,0.71,7.81,71.0,75.0,9.0,19.0238887,72.8382236,9.47,G/N Ward,Maharashtra,1,7/5/2022,7/5/2022,high,Dadar West,place/suburb,Dadar West,2022,4/13/2022,Dadar West
Dahisar East,Mumbai,north,operational,Dahisar (East) [Line 7],no,Mindspace Malad,7.58,yellow,0.35,yes,yes,True,Dahisar (East) [Line 7],0.35,6km+,0.0,Dahisar,0.47,17.63,8.0,56.0,5.0,19.2486925,72.8640593,34.59,R/N Ward,Maharashtra,3,6/8/2022,6/27/2022,high,Dahisar East,place/suburb,Dahisar East,2022,4/13/2022,Dahisar East
Dahisar West,Mumbai,north,operational,Mandapeshwar - I.C. Colony,no,Mindspace Malad,7.32,yellow,0.76,yes,yes,True,Mandapeshwar - I.C. Colony,0.76,6km+,0.0,Dahisar,0.7,17.68,8.0,61.0,3.0,19.248875,72.852959,34.53,R/N Ward,Maharashtra,1,5/31/2022,5/31/2022,high,Dahisar West,place/suburb,Dahisar West,2022,4/13/2022,Dahisar West
darshan ricco Tower,Mumbai,east,none,Magathane,yes,Wagle Estate Thane,1.26,red,10.27,no,no,True,Azad Nagar Bus Stop,4.98,0-3km,5.0,Thane,1.98,16.08,20.0,122.0,15.0,19.1995926,72.9629415,31.95,Panch Pakadi,Maharashtra,1,5/27/2022,5/27/2022,low,,historic/monument,darshan ricco Tower,2022,4/13/2022,darshan ricco Tower
Datta Pada,Mumbai,north,none,Kandarpada,no,Mindspace Malad,28.7,yellow,20.76,no,no,True,Kashigaon,19.16,6km+,0.0,Virar,1.99,39.3,0.0,20.0,0.0,19.441645,72.8240682,55.93,Virar East,Maharashtra,1,7/7/2022,7/7/2022,low,Datta Mandir,amenity/place_of_worship,Datta Pada,2022,4/13/2022,Datta Pada
Dattani Park,Mumbai,north,operational,Magathane,yes,Mindspace Malad,4.51,red,0.57,yes,yes,True,Magathane,0.57,3-6km,0.0,Borivali,2.24,13.72,6.0,32.0,9.0,19.2133591,72.870794,30.76,R/S Ward,Maharashtra,1,7/7/2022,7/7/2022,high,Dattani Park,place/neighbourhood,Dattani Park,2022,4/13/2022,Dattani Park
Gokuldham,Mumbai,north,operational,Aarey,yes,Nirlon Knowledge Park,2.56,red,1.01,yes,yes,True,Aarey,1.01,0-3km,3.0,Goregaon,2.1,9.32,13.0,51.0,5.0,19.1738527,72.8670935,26.35,P/S Ward,Maharashtra,4,5/18/2022,7/9/2022,high,Gokuldham,place/neighbourhood,Gokuldham,2022,4/13/2022,"DB Woods, Gokuldham"
Nalasopara,Mumbai,north,none,Kandarpada,no,Mindspace Malad,26.38,yellow,18.49,no,no,True,Kashigaon,17.1,6km+,0.0,Nalla Sopara,0.29,37.0,4.0,42.0,6.0,19.4203577,72.8194857,53.57,Vasai-Virar,Maharashtra,1,5/25/2022,5/25/2022,low,Nala Sopara,place/borough,Nalasopara,2022,4/13/2022,"Deep Heights, Nalasopara"
Deonar,Mumbai,east,under_construction,Ghatkopar L1,yes,Bandra Kurla Complex,4.68,blue,4.36,yes,no,False,Shivaji Chowk (Chembur),0.19,3-6km,5.0,VNP & RC Marg Junction,1.28,6.49,36.0,79.0,15.0,19.0475502,72.9051895,14.14,M/W Ward,Maharashtra,1,5/31/2022,5/31/2022,high,Deonar,place/suburb,Deonar,2022,4/13/2022,Deonar
Devi Pada,Mumbai,unknown,unknown,unknown,unknown,unknown,,unknown,,unknown,unknown,,unknown,,unknown,,unknown,,,,,,,,,,,1,5/19/2022,5/19/2022,none,,,,2022,4/13/2022,Devi Pada
Dhanukar Wadi,Mumbai,north,operational,Dahanukarwadi,yes,Mindspace Malad,2.6,yellow,0.35,yes,yes,True,Dahanukarwadi,0.35,0-3km,1.0,Kandivali,1.48,13.28,26.0,87.0,10.0,19.207197,72.837984,29.85,R/S Ward,Maharashtra,1,5/25/2022,5/25/2022,low,Dhanukar Wadi Dispensary,amenity/clinic,Dhanukar Wadi,2022,4/13/2022,Dhanukar Wadi
Bandra Kurla Complex,Mumbai,south,under_construction,Asalpha,yes,Bandra Kurla Complex,0.0,blue,4.47,yes,no,False,Bandra Kurla Complex (BKC),1.36,0-3km,11.0,Kurla,1.44,2.58,18.0,42.0,5.0,19.067115,72.8657245,14.62,H/E Ward,Maharashtra,1,7/6/2022,7/6/2022,high,Bandra Kurla Complex,place/suburb,Bandra Kurla Complex,2022,4/13/2022,"Dheeraj Insignia Apartment, Bandra Kurla Complex"
Sunder Nagar,Mumbai,north,operational,Aarey,yes,Mindspace Malad,1.19,red,1.94,yes,yes,True,Lower Malad,0.45,0-3km,5.0,Goregaon,1.31,9.53,14.0,71.0,13.0,19.1732766,72.8407686,26.08,P/S Ward,Maharashtra,1,7/7/2022,7/7/2022,high,Sunder Nagar,place/locality,Sunder Nagar,2022,4/13/2022,"Dheeraj Kiran CHS Walad West, Sunder Nagar"
Pali Hill,Mumbai,west,under_construction,Western Express Highway,yes,Bandra Kurla Complex,4.07,blue,6.45,yes,no,False,Bandra Colony,2.41,3-6km,6.0,Khar Road,1.42,4.7,38.0,48.0,7.0,19.0649126,72.8270326,14.05,H/W Ward,Maharashtra,1,7/6/2022,7/6/2022,high,Pali Hill,place/neighbourhood,Pali Hill,2022,4/13/2022,"Dheeraj Swapna Apartment, Pali Hill"
Dina Bama Estate,Mumbai,east,none,Jagruti Nagar,yes,Godrej One Vikhroli,4.02,blue,6.45,no,no,True,Aarey JVLR,5.64,3-6km,6.0,Bhandup,0.3,9.57,15.0,39.0,2.0,19.1401586,72.9370703,24.81,S Ward,Maharashtra,1,5/27/2022,5/27/2022,high,Dina Bama Estate,place/locality,Dina Bama Estate,2022,4/13/2022,Dina Bama Estate
Wadala East,Mumbai,south,under_construction,Ghatkopar L1,yes,Lower Parel Business District,2.97,blue,9.65,yes,no,False,Dadar,1.88,0-3km,3.0,Dadar East,0.3,8.3,60.0,64.0,7.0,19.0158783,72.8550732,8.82,F/N Ward,Maharashtra,1,6/9/2022,6/9/2022,high,Wadala Village,place/neighbourhood,Wadala East,2022,4/13/2022,"Dosti Ambrosia, Wadala East"
Sewri,Mumbai,south,none,Ghatkopar L1,yes,Lower Parel Business District,2.52,blue,11.04,no,no,True,Dadar,2.93,0-3km,3.0,Sewri,0.29,9.91,23.0,36.0,0.0,19.001418,72.8542575,7.24,F/S Ward,Maharashtra,1,6/29/2022,6/29/2022,high,Sewri,place/suburb,Sewri,2022,4/13/2022,"Dosti Flamingo, Sewri"
Dr Babasaheb Ambedkar Road,Mumbai,south,under_construction,Asalpha,yes,Bandra Kurla Complex,1.4,blue,5.34,yes,no,False,Bandra Kurla Complex (BKC),1.65,0-3km,7.0,Chuna Bhatti,0.36,3.96,18.0,39.0,3.0,19.054999,72.8692035,13.4,,Maharashtra,1,6/23/2022,6/23/2022,medium,Mumbai,place/city,Mumbai,2022,4/13/2022,"Dr Babasaheb Ambedkar Road, Mumbai"
Ekta Nagar,Mumbai,south,under_construction,Ghatkopar L1,yes,Lower Parel Business District,4.2,blue,14.87,yes,no,False,Mahalaxmi,2.36,3-6km,1.0,Dockyard Road,0.06,13.78,20.0,32.0,3.0,18.9674951,72.843985,3.32,E Ward,Maharashtra,1,6/22/2022,6/22/2022,high,Ekta Nagar,place/neighbourhood,Ekta Nagar,2022,4/13/2022,Ekta Nagar
Virar West,Mumbai,north,none,Kandarpada,no,Mindspace Malad,30.18,yellow,22.37,no,no,True,Kashigaon,21.04,6km+,0.0,Virar,0.67,40.83,3.0,37.0,6.0,19.4533576,72.8057966,57.3,Vasai-Virar,Maharashtra,1,6/27/2022,6/27/2022,low,Virar West,place/suburb,Virar West,2022,4/13/2022,"Ekta Parksville, Virar West"
Santacruz West,Mumbai,west,under_construction,Western Express Highway,yes,Bandra Kurla Complex,3.55,blue,4.04,yes,no,False,Santacruz,1.18,3-6km,10.0,Santa Cruz,0.57,2.77,22.0,60.0,9.0,19.0844004,72.8372899,16.19,H/W Ward,Maharashtra,1,7/9/2022,7/9/2022,high,Santacruz West,place/suburb,Santacruz West,2022,4/13/2022,"Ekta Trinity, Santacruz West"
Sion East,Mumbai,south,under_construction,Ghatkopar L1,yes,Bandra Kurla Complex,2.7,blue,6.63,yes,no,False,Dharavi,1.69,0-3km,6.0,Sion,0.47,5.27,35.0,42.0,3.0,19.0428153,72.8653563,11.99,F/N Ward,Maharashtra,1,6/13/2022,6/13/2022,high,Sion East,place/suburb,Sion East,2022,4/13/2022,"Everard Nagar Co Operative Housing Society, Sion East"
Evershine Nagar,Mumbai,north,operational,Dahanukarwadi,yes,Mindspace Malad,1.17,yellow,1.73,yes,yes,True,Valnai-Meeth Chowky,0.68,0-3km,3.0,Malad,1.74,11.63,26.0,82.0,11.0,19.1907836,72.8326337,28.02,P/N Ward,Maharashtra,1,7/7/2022,7/7/2022,low,Evershine Nagar Road,highway/residential,Evershine Nagar,2022,4/13/2022,Evershine Nagar
Film City,Mumbai,north,none,Aarey,yes,Nirlon Knowledge Park,3.29,red,2.57,no,no,True,Aarey,2.57,3-6km,7.0,Goregaon,3.49,8.57,9.0,24.0,0.0,19.1649188,72.8827878,25.63,P/N Ward,Maharashtra,2,6/13/2022,6/13/2022,low,Film City Ground,leisure/park,Film City,2022,4/13/2022,Film City
Friends Colony,Mumbai,east,none,Asalpha,yes,Bandra Kurla Complex,2.08,blue,2.51,no,no,True,Asalpha,2.51,0-3km,12.0,Lokmanya Tilak Terminus,1.33,2.5,17.0,31.0,13.0,19.0772176,72.882388,16.16,L Ward,Maharashtra,1,6/27/2022,6/27/2022,high,Friends Colony,place/locality,Friends Colony,2022,4/13/2022,Friends Colony
Kandarpada,Mumbai,north,operational,Kandarpada,no,Mindspace Malad,7.78,yellow,0.46,yes,yes,True,Kandarpada,0.46,6km+,0.0,Dahisar,0.83,18.15,7.0,40.0,3.0,19.2530859,72.8528338,35.0,R/N Ward,Maharashtra,1,6/17/2022,6/17/2022,high,Kandarpada,place/neighbourhood,Kandarpada,2022,4/13/2022,"Galassia, Kandarpada"
Gandhi Market,Mumbai,south,under_construction,Ghatkopar L1,yes,Bandra Kurla Complex,3.63,blue,7.66,yes,no,False,Dharavi,1.66,3-6km,6.0,King's Circle,0.43,6.15,68.0,55.0,6.0,19.0348858,72.8600112,10.99,F/N Ward,Maharashtra,1,6/12/2022,6/12/2022,medium,Gandhi Market Matunga,highway/bus_stop,Gandhi Market,2022,4/13/2022,Gandhi Market
Khar West,Mumbai,south,under_construction,Western Express Highway,yes,Bandra Kurla Complex,2.94,blue,6.22,yes,no,False,Bandra Colony,1.43,0-3km,7.0,Bandra Terminus,0.33,4.01,46.0,66.0,10.0,19.0626563,72.8381745,13.78,H/W Ward,Maharashtra,1,6/20/2022,6/20/2022,medium,Western Railway Employee Colony Bandra West,landuse/residential,Khar West,2022,4/13/2022,"Ganpat Niketan Apartment, Khar West"
Aarey Milk Colony,Mumbai,north,operational,Aarey,yes,Nirlon Knowledge Park,1.83,red,1.93,yes,yes,True,Goregaon (East),1.54,0-3km,11.0,Ram Mandir,2.23,7.38,14.0,19.0,0.0,19.1561292,72.8707223,24.45,P/S Ward,Maharashtra,1,6/16/2022,6/16/2022,high,Aarey Milk Colony,place/suburb,Aarey Milk Colony,2022,4/13/2022,"Garden View Apartment, Aarey Milk Colony"
Ghatkopar East,Mumbai,east,operational,Ghatkopar L1,yes,Godrej One Vikhroli,2.95,blue,0.58,yes,yes,True,Ghatkopar L1,0.58,0-3km,11.0,Ghatkopar,0.49,5.25,12.0,88.0,6.0,19.0833438,72.9123246,17.99,N Ward,Maharashtra,5,4/29/2022,7/6/2022,high,Ghatkopar East,place/suburb,Ghatkopar East,2022,4/13/2022,Ghatkopar East
Ghatkopar West,Mumbai,east,operational,Jagruti Nagar,yes,Hiranandani Business Park Powai,2.37,blue,0.44,yes,yes,True,Jagruti Nagar,0.44,0-3km,12.0,Ghatkopar,0.59,4.4,14.0,87.0,12.0,19.0897439,72.9048035,18.3,Nityanand Nagar,Maharashtra,6,5/10/2022,6/12/2022,high,Ghatkopar West,place/suburb,Ghatkopar West,2022,4/13/2022,Ghatkopar West
Ghatla,Mumbai,east,under_construction,Ghatkopar L1,yes,Bandra Kurla Complex,4.34,blue,3.81,yes,no,False,Diamond Garden,0.25,3-6km,5.0,VNP & RC Marg Junction,1.02,6.01,42.0,85.0,17.0,19.0526325,72.9040237,14.57,M/W Ward,Maharashtra,1,6/10/2022,6/10/2022,high,Ghatla Village,place/neighbourhood,Ghatla,2022,4/13/2022,Ghatla
Vikhroli East,Mumbai,east,none,Ghatkopar L1,yes,Godrej One Vikhroli,1.55,blue,4.46,no,no,True,Ghatkopar L1,4.46,0-3km,7.0,Vikhroli,1.02,8.2,13.0,21.0,4.0,19.1172592,72.9355194,22.46,S Ward,Maharashtra,1,7/9/2022,7/9/2022,high,Vikhroli East,place/suburb,Vikhroli East,2022,4/13/2022,"Godrej Platinum, Vikhroli East"
Pirojshah Nagar,Mumbai,east,operational,Ghatkopar L1,yes,Godrej One Vikhroli,0.65,blue,2.34,yes,yes,True,Ghatkopar L1,2.34,0-3km,10.0,Vikhroli,1.18,6.51,7.0,21.0,5.0,19.1016734,72.9236504,20.35,N Ward,Maharashtra,1,6/27/2022,6/27/2022,high,Pirojsha Godrej Nagar,place/suburb,Pirojshah Nagar,2022,4/13/2022,"Godrej The Trees, Pirojshah Nagar"
Goregaon West,Mumbai,north,operational,Aarey,yes,Nirlon Knowledge Park,1.59,red,1.96,yes,yes,True,Bangur Nagar,0.67,0-3km,6.0,Goregaon,0.89,8.45,17.0,42.0,8.0,19.1633281,72.8411995,24.97,P/S Ward,Maharashtra,12,5/10/2022,6/23/2022,high,Goregaon West,place/suburb,Goregaon West,2022,4/13/2022,Goregaon West
Govandi Station Road,Mumbai,east,under_construction,Ghatkopar L1,yes,Godrej One Vikhroli,5.78,blue,4.26,yes,no,False,Mankhurd,0.59,3-6km,3.0,Mankhurd,0.71,7.92,30.0,33.0,14.0,19.0528478,72.9270997,15.93,M/E Ward,Maharashtra,1,6/10/2022,6/10/2022,low,Lallubhai Police Station,amenity/police,Govandi Station Road,2022,4/13/2022,Govandi Station Road
Grant Road,Mumbai,south,under_construction,Ghatkopar L1,yes,Nariman Point CBD,4.11,blue,16.8,yes,no,False,Grant Road,0.23,3-6km,1.0,Grant Road,0.0,14.94,61.0,78.0,7.0,18.9633549,72.8158261,3.42,D Ward,Maharashtra,1,7/2/2022,7/2/2022,medium,Grant Road,railway/station,Grant Road,2022,4/13/2022,Grant Road
GREEN PARK,Mumbai,west,under_construction,Andheri (West),yes,Nirlon Knowledge Park,2.46,yellow,2.74,yes,no,False,Oshiwara,0.95,0-3km,6.0,Ram Mandir,2.14,7.87,22.0,41.0,15.0,19.15374,72.8300248,23.91,P/S Ward,Maharashtra,1,5/18/2022,5/18/2022,medium,Green Park,landuse/residential,GREEN PARK,2022,4/13/2022,GREEN PARK
Millat Nagar,Mumbai,east,under_construction,Ghatkopar L1,no,Belapur CBD,6.95,blue,17.93,yes,no,False,Sector-34,0.61,6km+,0.0,Taloje Panchanand,1.5,22.69,3.0,7.0,0.0,19.0697227,73.0777093,29.34,Taloja,Maharashtra,1,6/17/2022,6/17/2022,medium,Greenwoods Apartment,landuse/residential,Green Park Apartment,2022,4/13/2022,"Green Park Apartment, Millat Nagar"
Gulmohar Road,Mumbai,south,under_construction,Ghatkopar L1,yes,Bandra Kurla Complex,1.87,blue,5.42,yes,no,False,Bandra Kurla Complex (BKC),2.13,0-3km,7.0,Chuna Bhatti,0.35,4.41,23.0,37.0,3.0,19.0514994,72.8724288,13.12,L Ward,Maharashtra,2,5/23/2022,5/23/2022,low,Gulmohar Road,highway/tertiary,Gulmohar Road,2022,4/13/2022,Gulmohar Road
Kurla West,Mumbai,south,under_construction,Asalpha,yes,Bandra Kurla Complex,1.15,blue,3.64,yes,no,False,Chembur,2.34,0-3km,10.0,Kurla,0.46,2.79,18.0,49.0,8.0,19.0686026,72.876583,15.07,L Ward,Maharashtra,1,6/27/2022,6/27/2022,high,Kurla West,place/suburb,Kurla West,2022,4/13/2022,"HDIL Premier Residences, Kurla West"
Chakala MIDC,Mumbai,east,operational,Western Express Highway,yes,SEEPZ Andheri East,0.8,blue,0.57,yes,yes,True,Western Express Highway,0.57,0-3km,16.0,Andheri,1.69,2.8,29.0,68.0,3.0,19.1152873,72.8618085,19.82,K/E Ward,Maharashtra,1,6/17/2022,6/17/2022,high,Chakala,place/neighbourhood,Hillcrest Chakala MIDC,2022,4/13/2022,"Hillcrest, Chakala MIDC"
Hindu Colony,Mumbai,south,under_construction,Ghatkopar L1,yes,Lower Parel Business District,2.63,blue,9.76,yes,no,False,Dadar,0.97,0-3km,5.0,Dadar,0.51,7.96,85.0,96.0,10.0,19.0200578,72.8475907,9.13,F/N Ward,Maharashtra,1,7/9/2022,7/9/2022,high,Dadar Hindu Colony,place/neighbourhood,Hindu Colony,2022,4/13/2022,Hindu Colony
Mira Road East,Mumbai,north,under_construction,Anand Nagar,no,Mindspace Malad,10.98,yellow,2.81,yes,no,False,Kashigaon,2.3,6km+,0.0,Mira Road,0.27,21.27,9.0,41.0,6.0,19.2813896,72.858639,38.17,Mira,Maharashtra,1,5/26/2022,5/26/2022,medium,Mira Road Station East,highway/bus_stop,Mira Road East,2022,4/13/2022,"Hiral Greens, Mira Road East"
Hiranandani Gardens,Mumbai,east,none,Saki Naka,yes,Hiranandani Business Park Powai,0.91,blue,2.97,no,no,True,Saki Naka,2.97,0-3km,15.0,Vikhroli,1.9,5.99,38.0,14.0,23.0,19.1183882,72.911464,21.51,S Ward,Maharashtra,2,6/12/2022,6/12/2022,high,Hiranandani Gardens,place/neighbourhood,Hiranandani Gardens,2022,4/13/2022,"Hiranandani Atlantis, Hiranandani Gardens"
Powai,Mumbai,east,none,Saki Naka,yes,Hiranandani Business Park Powai,0.89,blue,2.65,no,no,True,Saki Naka,2.65,0-3km,16.0,Vikhroli,2.32,5.65,23.0,17.0,20.0,19.1187195,72.9073476,21.39,S Ward,Maharashtra,3,7/9/2022,7/9/2022,high,Powai,place/suburb,Powai,2022,4/13/2022,"Hiranandani Castle Rock, Powai"
IC Colony,Mumbai,north,operational,Mandapeshwar - I.C. Colony,no,Mindspace Malad,7.24,yellow,0.18,yes,yes,True,Mandapeshwar - I.C. Colony,0.18,6km+,0.0,Dahisar,1.29,17.73,10.0,49.0,3.0,19.2488833,72.8473864,34.5,R/N Ward,Maharashtra,1,6/23/2022,6/23/2022,medium,IC Colony sector 8,landuse/residential,IC Colony,2022,4/13/2022,IC Colony
in Andheri West,Mumbai,west,operational,Azad Nagar,yes,SEEPZ Andheri East,2.13,blue,1.14,yes,yes,True,Azad Nagar,1.14,0-3km,13.0,Andheri,1.34,4.28,33.0,91.0,15.0,19.1172495,72.833968,19.84,K/W Ward,Maharashtra,1,6/15/2022,6/15/2022,high,Andheri West,place/suburb,in Andheri West,2022,4/13/2022,in Andheri West
in Borivali East,Mumbai,north,operational,Devipada,yes,Mindspace Malad,5.22,red,0.39,yes,yes,True,Devipada,0.39,3-6km,0.0,Borivali,0.55,15.19,8.0,106.0,14.0,19.2267228,72.8619328,32.14,R/C Ward,Maharashtra,1,7/7/2022,7/7/2022,high,Borivali East,place/suburb,in Borivali East,2022,4/13/2022,in Borivali East
in Borivali West,Mumbai,north,operational,Borivali (West),yes,Mindspace Malad,5.27,yellow,0.0,yes,yes,True,Borivali (West),0.0,3-6km,0.0,Borivali,1.75,15.87,20.0,80.0,14.0,19.2313925,72.8408607,32.54,R/C Ward,Maharashtra,1,5/27/2022,5/27/2022,medium,Borivali (West),railway/station,in Borivali West,2022,4/13/2022,in Borivali West
in Byculla,Mumbai,south,under_construction,Ghatkopar L1,yes,Lower Parel Business District,3.11,blue,14.98,yes,no,False,Mahalaxmi,0.57,3-6km,1.0,Byculla,0.51,13.3,51.0,61.0,5.0,18.9750879,72.8282502,4.1,E Ward,Maharashtra,1,4/29/2022,4/29/2022,high,Byculla West,place/suburb,in Byculla,2022,4/13/2022,in Byculla
in Kandivali West,Mumbai,north,operational,Dahanukarwadi,yes,Mindspace Malad,2.4,yellow,0.54,yes,yes,True,Dahanukarwadi,0.54,0-3km,1.0,Kandivali,1.25,13.05,25.0,98.0,10.0,19.2055321,72.8399273,29.66,R/S Ward,Maharashtra,1,7/7/2022,7/7/2022,high,Kandivali West,place/suburb,in Kandivali West,2022,4/13/2022,in Kandivali West
in Mahim West,Mumbai,south,under_construction,Asalpha,yes,Bandra Kurla Complex,3.66,blue,8.09,yes,no,False,Shitala Devi Mandir,0.59,3-6km,7.0,Mahim Junction,0.21,5.92,65.0,72.0,9.0,19.0389719,72.8475766,11.21,G/N Ward,Maharashtra,1,4/28/2022,4/28/2022,low,Mahim Railway FOB,highway/construction,in Mahim West,2022,4/13/2022,in Mahim West
in Matunga West,Mumbai,south,under_construction,Asalpha,yes,Lower Parel Business District,3.48,blue,9.0,yes,no,False,Shitala Devi Mandir,0.76,3-6km,6.0,Matunga Road,0.56,6.81,84.0,82.0,11.0,19.0317259,72.8433917,10.37,G/N Ward,Maharashtra,1,7/7/2022,7/7/2022,high,Matunga West,place/suburb,in Matunga West,2022,4/13/2022,in Matunga West
in Mira Road,Mumbai,north,none,Kandarpada,no,Mindspace Malad,10.97,yellow,2.85,no,no,True,Kashigaon,2.58,6km+,0.0,Mira Road,0.0,21.31,8.0,40.0,5.0,19.2816975,72.8560676,38.19,Mira,Maharashtra,1,5/31/2022,5/31/2022,medium,Mira Road,railway/station,in Mira Road,2022,4/13/2022,in Mira Road
in Santacruz East,Mumbai,west,under_construction,Western Express Highway,yes,Bandra Kurla Complex,3.55,blue,4.04,yes,no,False,Santacruz,1.18,3-6km,10.0,Santa Cruz,0.57,2.77,22.0,60.0,9.0,19.0844004,72.8372899,16.19,H/W Ward,Maharashtra,1,7/7/2022,7/7/2022,high,Santacruz West,place/suburb,in Santacruz East,2022,4/13/2022,in Santacruz East
in Sion,Mumbai,south,under_construction,Ghatkopar L1,yes,Bandra Kurla Complex,2.7,blue,6.63,yes,no,False,Dharavi,1.69,0-3km,6.0,Sion,0.47,5.27,35.0,42.0,3.0,19.0428153,72.8653563,11.99,F/N Ward,Maharashtra,1,6/21/2022,6/21/2022,high,Sion East,place/suburb,in Sion,2022,4/13/2022,in Sion
Worli Naka Acharaya Atre Chowk,Mumbai,south,under_construction,Asalpha,yes,Lower Parel Business District,1.18,blue,13.48,yes,no,False,Acharya Atre Chowk,0.31,0-3km,2.0,Lower Parel,1.03,11.21,32.0,24.0,6.0,18.9975609,72.820681,6.71,G/S Ward,Maharashtra,1,6/8/2022,6/8/2022,medium,Indiabulls Blu,landuse/residential,Indiabulls Blu,2022,4/13/2022,"Indiabulls Blu, Worli Naka Acharaya Atre Chowk"
Irla,Mumbai,west,operational,Andheri L1,yes,SEEPZ Andheri East,2.29,blue,2.35,yes,yes,True,CSMI Airport Domestic T1,1.87,0-3km,14.0,Vile Parle,0.67,2.93,39.0,87.0,12.0,19.1020313,72.8380464,18.15,K/W Ward,Maharashtra,2,6/23/2022,7/4/2022,low,Irla Nala,waterway/stream,Irla,2022,4/13/2022,Irla
Vile Parle West,Mumbai,west,operational,Andheri L1,yes,SEEPZ Andheri East,1.4,blue,1.49,yes,yes,True,Gundavali,1.4,0-3km,14.0,Vile Parle,0.91,2.84,42.0,90.0,8.0,19.1080937,72.8436845,18.84,K/W Ward,Maharashtra,1,6/2/2022,6/2/2022,high,Irla Gaon,place/neighbourhood,Irla Vile Parle West,2022,4/13/2022,"Irla, Vile Parle West"
Jacob Circle,Mumbai,south,under_construction,Ghatkopar L1,yes,Lower Parel Business District,2.22,blue,14.23,yes,no,False,Mahalaxmi,0.52,0-3km,2.0,Sant Gadge Maharaj Chowk,0.0,12.44,44.0,46.0,9.0,18.9830921,72.8285867,4.98,G/S Ward,Maharashtra,1,7/9/2022,7/9/2022,medium,Sant Gadge Maharaj Chowk,railway/station,Jacob Circle,2022,4/13/2022,Jacob Circle
Jankalyan Nagar,Mumbai,east,operational,Chakala - J.B. Nagar,yes,MIDC Andheri East,1.35,blue,0.58,yes,yes,True,Sahar Road,0.56,0-3km,16.0,Vile Parle,2.55,1.91,16.0,32.0,2.0,19.1068579,72.8671624,18.98,K/E Ward,Maharashtra,1,7/7/2022,7/7/2022,low,Jankalyan Sahkari Bank Ltd,amenity/bank,Jankalyan Nagar,2022,4/13/2022,Jankalyan Nagar
JB Nagar,Mumbai,east,operational,Chakala - J.B. Nagar,yes,MIDC Andheri East,0.86,blue,0.0,yes,yes,True,Chakala - J.B. Nagar,0.0,0-3km,19.0,Andheri,2.38,2.48,16.0,46.0,3.0,19.112036,72.8676217,19.56,K/E Ward,Maharashtra,1,5/26/2022,5/26/2022,medium,Chakala - J.B. Nagar,railway/station,JB Nagar,2022,4/13/2022,JB Nagar
JL Tambe Nagar,Mumbai,south,under_construction,Chakala - J.B. Nagar,yes,Bandra Kurla Complex,2.03,blue,6.18,yes,no,False,Bandra Kurla Complex (BKC),0.7,0-3km,7.0,Bandra Terminus,0.79,3.74,32.0,52.0,8.0,19.0596098,72.8481016,13.5,H/E Ward,Maharashtra,1,5/8/2022,5/8/2022,low,Bhai Dhondu Tambe Marg,highway/residential,JL Tambe Nagar,2022,4/13/2022,JL Tambe Nagar
Juhu,Mumbai,west,operational,D. N. Nagar,yes,SEEPZ Andheri East,2.97,blue,2.38,yes,yes,True,D. N. Nagar,2.38,0-3km,12.0,Vile Parle,1.9,4.16,21.0,41.0,6.0,19.1070215,72.8275275,18.72,K/W Ward,Maharashtra,4,5/28/2022,6/30/2022,high,Juhu,place/suburb,Juhu,2022,4/13/2022,Juhu
Juhu Tara,Mumbai,west,under_construction,Andheri L1,yes,SEEPZ Andheri East,4.11,blue,4.18,yes,no,False,Santacruz,2.34,3-6km,6.0,Santa Cruz,1.72,3.74,25.0,37.0,8.0,19.0889608,72.8273652,16.72,K/W Ward,Maharashtra,1,7/9/2022,7/9/2022,low,Juhu Tara Road,highway/secondary,Juhu Tara,2022,4/13/2022,Juhu Tara
Juhu Versova Link Road,Mumbai,west,operational,D. N. Nagar,yes,SEEPZ Andheri East,3.07,blue,0.85,yes,yes,True,D. N. Nagar,0.85,3-6km,12.0,Andheri,2.19,5.27,27.0,70.0,13.0,19.1219328,72.8257301,20.39,K/W Ward,Maharashtra,1,7/6/2022,7/6/2022,medium,Juhu Versova Link Road,highway/bus_stop,Juhu Versova Link Road,2022,4/13/2022,Juhu Versova Link Road
Mazgaon,Mumbai,south,under_construction,Ghatkopar L1,yes,Lower Parel Business District,3.85,blue,14.81,yes,no,False,Mahalaxmi,1.93,3-6km,1.0,Dockyard Road,0.48,13.59,24.0,37.0,4.0,18.9697337,72.8406201,3.48,E Ward,Maharashtra,1,5/28/2022,5/28/2022,high,Mazgaon,place/suburb,Mazgaon,2022,4/13/2022,"Juveria Apartment, Mazgaon"
JVPD Scheme,Mumbai,west,operational,D. N. Nagar,yes,SEEPZ Andheri East,2.55,blue,1.9,yes,yes,True,D. N. Nagar,1.9,0-3km,12.0,Vile Parle,1.9,4.14,33.0,73.0,9.0,19.1111705,72.8304076,19.17,K/W Ward,Maharashtra,7,4/13/2022,7/9/2022,high,JVPD Scheme,place/neighbourhood,JVPD Scheme,2022,4/13/2022,JVPD Scheme
Kalina,Mumbai,south,under_construction,Airport Road,yes,Bandra Kurla Complex,1.43,blue,3.69,yes,no,False,Santacruz,1.49,0-3km,16.0,Santa Cruz,2.07,1.22,14.0,26.0,3.0,19.079273,72.8612672,15.85,H/E Ward,Maharashtra,1,6/2/2022,6/2/2022,high,Kalina,place/suburb,Kalina,2022,4/13/2022,"Kabra Centroid, Kalina"
Santacruz East,Mumbai,unknown,unknown,unknown,unknown,unknown,,unknown,,unknown,unknown,,unknown,,unknown,,unknown,,,,,,,,,,,1,6/25/2022,6/25/2022,none,,,,2022,4/13/2022,"Kabra Centroid, Santacruz East"
Akurli Nagar,Mumbai,north,operational,Akurli,yes,Mindspace Malad,2.69,red,0.42,yes,yes,True,Akurli,0.42,0-3km,1.0,Kandivali,0.8,12.39,20.0,79.0,10.0,19.2015406,72.8588123,29.32,R/S Ward,Maharashtra,1,7/9/2022,7/9/2022,low,Akurli Road,highway/tertiary,Akurli Nagar,2022,4/13/2022,"Kalpataru Towers, Akurli Nagar"
Kamla Nagar,Mumbai,north,operational,Dahanukarwadi,yes,Mindspace Malad,2.34,yellow,0.88,yes,yes,True,Dahanukarwadi,0.88,0-3km,1.0,Kandivali,0.91,12.94,25.0,97.0,8.0,19.2050008,72.8431141,29.61,R/S Ward,Maharashtra,1,5/23/2022,5/23/2022,low,Kamla Nagar,building/apartments,Kamla Nagar,2022,4/13/2022,Kamla Nagar
Sai Nagar,Mumbai,east,none,Saki Naka,yes,Hiranandani Business Park Powai,4.63,blue,6.43,no,no,True,Aarey JVLR,4.81,3-6km,5.0,Bhandup,1.44,9.29,38.0,35.0,3.0,19.1490182,72.9257057,25.23,S Ward,Maharashtra,1,7/9/2022,7/9/2022,high,Sai Nagar,place/neighbourhood,Sai Nagar,2022,4/13/2022,"Kanakia Hollywood, Sai Nagar"
Malad East,Mumbai,north,operational,Kurar,yes,Mindspace Malad,1.6,red,0.27,yes,yes,True,Kurar,0.27,0-3km,3.0,Malad,0.82,10.68,19.0,95.0,8.0,19.1860219,72.8563181,27.58,P/N Ward,Maharashtra,2,7/6/2022,7/6/2022,high,Malad East,place/suburb,Malad East,2022,4/13/2022,"Kanakia Levels, Malad East"
Marol Maroshi Road,Mumbai,east,operational,Marol Naka L1,yes,MIDC Andheri East,1.52,blue,0.56,yes,yes,True,Marol Naka L1,0.56,0-3km,20.0,Vidyavihar,3.49,3.08,11.0,42.0,11.0,19.1086855,72.8847413,19.59,K/E Ward,Maharashtra,1,5/19/2022,5/19/2022,medium,Kanakia Sevens,landuse/residential,Kanakia Sevens,2022,4/13/2022,"Kanakia Sevens, Marol Maroshi Road"
Kanjurmarg East,Mumbai,east,none,Jagruti Nagar,yes,Godrej One Vikhroli,2.37,blue,5.21,no,no,True,Jagruti Nagar,5.21,0-3km,6.0,Kanjur Marg,1.23,8.81,11.0,17.0,4.0,19.1240536,72.9386742,23.28,S Ward,Maharashtra,3,4/29/2022,6/16/2022,low,Kanjurmarg Bypass Road,highway/trunk,Kanjurmarg East,2022,4/13/2022,Kanjurmarg East
Kanjurmarg West,Mumbai,east,none,Jagruti Nagar,yes,Godrej One Vikhroli,3.04,blue,5.14,no,no,True,Aarey JVLR,4.52,3-6km,6.0,Kanjur Marg,0.39,8.22,42.0,45.0,13.0,19.1321171,72.9273332,23.57,S Ward,Maharashtra,1,7/9/2022,7/9/2022,medium,Dockyard kanjurmarg St,highway/bus_stop,Kanjurmarg West,2022,4/13/2022,Kanjurmarg West
Ketki Pada,Mumbai,north,under_construction,Aarey,yes,Nirlon Knowledge Park,1.77,red,2.88,yes,no,False,Jogeshwari (East),1.16,0-3km,15.0,Jogeshwari (Harbour Line),1.79,6.04,8.0,37.0,2.0,19.144403,72.8661454,23.09,P/S Ward,Maharashtra,1,5/2/2022,5/2/2022,high,Ketli Pada,place/neighbourhood,Ketki Pada,2022,4/13/2022,Ketki Pada
Khar,Mumbai,west,under_construction,Western Express Highway,yes,Bandra Kurla Complex,3.42,blue,5.38,yes,no,False,Santacruz,1.6,3-6km,7.0,Khar Road,0.81,3.65,44.0,71.0,11.0,19.0724575,72.8337068,14.86,H/W Ward,Maharashtra,1,5/18/2022,5/18/2022,high,Khar,place/suburb,Khar,2022,4/13/2022,Khar
Kings Circle,Mumbai,south,under_construction,Ghatkopar L1,yes,Bandra Kurla Complex,4.03,blue,8.09,yes,no,False,Shitala Devi Mandir,1.82,3-6km,7.0,King's Circle,0.0,6.52,77.0,75.0,7.0,19.0316822,72.8577375,10.59,F/N Ward,Maharashtra,1,5/14/2022,5/14/2022,medium,King's Circle,railway/station,Kings Circle,2022,4/13/2022,Kings Circle
Holly Cross Church Chowk,Mumbai,east,operational,Asalpha,yes,Bandra Kurla Complex,2.32,blue,2.35,yes,yes,True,Asalpha,2.35,0-3km,12.0,Lokmanya Tilak Terminus,1.17,2.7,19.0,32.0,14.0,19.0775039,72.8848272,16.28,L Ward,Maharashtra,1,6/27/2022,6/27/2022,low,Kohinoor City Phase 2,building/apartments,Kohinoor City Phase II,2022,4/13/2022,"Kohinoor City Phase II, Holly Cross Church Chowk"
New Airport Colony,Mumbai,south,operational,Western Express Highway,yes,SEEPZ Andheri East,1.23,blue,1.22,yes,yes,True,Sahar Road,1.03,0-3km,16.0,Vile Parle,1.37,1.8,29.0,76.0,5.0,19.1049416,72.8558663,18.6,K/E Ward,Maharashtra,1,7/9/2022,7/9/2022,medium,New Airport Colony,landuse/residential,New Airport Colony,2022,4/13/2022,"Kolte Patil Jai Vijay, New Airport Colony"
Kurla,Mumbai,south,under_construction,Asalpha,yes,Bandra Kurla Complex,1.45,blue,3.83,yes,no,False,Chembur,1.88,0-3km,9.0,Kurla,0.0,3.26,15.0,55.0,7.0,19.0652797,72.8793805,14.8,L Ward,Maharashtra,1,6/27/2022,6/27/2022,medium,Kurla,railway/station,Kurla,2022,4/13/2022,Kurla
Lal Baug,Mumbai,south,under_construction,Ghatkopar L1,yes,Lower Parel Business District,1.65,blue,12.45,yes,no,False,Science Centre,2.23,0-3km,2.0,Mint Colony,0.14,10.96,25.0,38.0,5.0,18.9935288,72.8424069,6.13,Parel,Maharashtra,2,6/3/2022,6/20/2022,high,Lal Baug,place/suburb,Lal Baug,2022,4/13/2022,Lal Baug
Lodha Ajuro tower lalbag,Mumbai,unknown,unknown,unknown,unknown,unknown,,unknown,,unknown,unknown,,unknown,,unknown,,unknown,,,,,,,,,,,1,5/18/2022,5/18/2022,none,,,,2022,4/13/2022,Lodha Ajuro tower lalbag
Jogeshwari West,Mumbai,west,operational,Andheri (West),yes,Nirlon Knowledge Park,2.65,yellow,1.02,yes,yes,True,Lower Oshiwara,0.76,0-3km,14.0,Jogeshwari (Western Line),1.21,5.8,40.0,82.0,22.0,19.136394,72.8373817,21.97,K/W Ward,Maharashtra,1,6/28/2022,6/28/2022,high,Jogeshwari West,place/suburb,Jogeshwari West,2022,4/13/2022,"Lodha Bel Air, Jogeshwari West"
Mahalakshmi,Mumbai,south,under_construction,Ghatkopar L1,yes,Lower Parel Business District,1.96,blue,14.35,yes,no,False,Science Centre,0.34,0-3km,2.0,Mahalaxmi,0.95,12.15,31.0,32.0,9.0,18.9892129,72.8186798,5.87,G/S Ward,Maharashtra,2,7/6/2022,7/9/2022,high,Mahalakshmi,place/suburb,Mahalakshmi,2022,4/13/2022,"Lodha Bellissimo, Mahalakshmi"
Lodha casa rio,Mumbai,east,none,Ghatkopar L1,no,Millennium Business Park Mahape,7.75,blue,19.17,no,no,True,Sector-34,8.87,6km+,0.0,Nilaje,0.43,23.5,2.0,5.0,2.0,19.1532753,73.0764248,34.79,Nilaje,Maharashtra,1,5/26/2022,5/26/2022,low,Lodha Casa Rio Gold Road,highway/residential,Lodha casa rio,2022,4/13/2022,Lodha casa rio
Worli Hill,Mumbai,south,under_construction,Western Express Highway,yes,Lower Parel Business District,1.88,blue,13.91,yes,no,False,Acharya Atre Chowk,0.45,0-3km,2.0,Lower Parel,1.78,11.54,19.0,14.0,6.0,18.9975217,72.8134128,6.93,G/S Ward,Maharashtra,2,6/23/2022,7/9/2022,low,Worli Hill Road,highway/residential,Worli Hill,2022,4/13/2022,"Lodha Kiara, Worli Hill"
Worli Sea Face,Mumbai,south,under_construction,Western Express Highway,yes,Lower Parel Business District,1.74,blue,12.53,yes,no,False,Worli,0.42,0-3km,4.0,Prabhadevi,2.16,10.2,24.0,17.0,6.0,19.0100374,72.8155708,8.19,G/S Ward,Maharashtra,1,7/7/2022,7/7/2022,low,Khan Abdul Gaffar Khan Marg,highway/primary,Worli Sea Face,2022,4/13/2022,"Lodha Marquise, Worli Sea Face"
Mahajan Wadi,Mumbai,east,none,Aarey,yes,Wagle Estate Thane,2.97,red,10.08,no,no,True,Azad Nagar Bus Stop,8.15,0-3km,8.0,Mulund,0.21,13.27,40.0,85.0,19.0,19.172087,72.9547352,28.81,T Ward,Maharashtra,1,7/7/2022,7/7/2022,low,Mahajan Wadi,amenity/community_centre,Mahajan Wadi,2022,4/13/2022,Mahajan Wadi
Mahatama Gandhi Road,Mumbai,east,none,Poisar,yes,Wagle Estate Thane,2.4,red,11.07,no,no,True,Azad Nagar Bus Stop,6.71,0-3km,13.0,Thane,1.11,14.92,36.0,125.0,13.0,19.1823519,72.9661409,30.37,Kopri,Maharashtra,1,4/27/2022,4/27/2022,low,Mahatama Gandhi Road,highway/secondary,Mahatama Gandhi Road,2022,4/13/2022,Mahatama Gandhi Road
Mahim,Mumbai,south,under_construction,Chakala - J.B. Nagar,yes,Bandra Kurla Complex,3.87,blue,8.28,yes,no,False,Shitala Devi Mandir,0.48,3-6km,6.0,Mahim Junction,0.73,5.85,45.0,55.0,8.0,19.0423145,72.8398344,11.52,G/N Ward,Maharashtra,2,7/6/2022,7/6/2022,high,Mahim,place/suburb,Mahim,2022,4/13/2022,Mahim
Mahim West,Mumbai,south,under_construction,Asalpha,yes,Bandra Kurla Complex,3.66,blue,8.09,yes,no,False,Shitala Devi Mandir,0.59,3-6km,7.0,Mahim Junction,0.21,5.92,65.0,72.0,9.0,19.0389719,72.8475766,11.21,G/N Ward,Maharashtra,4,6/5/2022,7/9/2022,low,Mahim Railway FOB,highway/construction,Mahim West,2022,4/13/2022,Mahim West
Malabar Hill,Mumbai,south,under_construction,Ghatkopar L1,yes,Nariman Point CBD,4.06,blue,18.04,yes,no,False,Grant Road,1.64,3-6km,0.0,Grant Road,1.43,15.96,35.0,50.0,2.0,18.9581616,72.8033665,4.0,D Ward,Maharashtra,3,5/14/2022,6/22/2022,high,Malabar Hill,place/suburb,Malabar Hill,2022,4/13/2022,Malabar Hill
Mamletdarwadi,Mumbai,north,operational,Kurar,yes,Mindspace Malad,0.58,red,1.54,yes,yes,True,Malad (West),0.92,0-3km,3.0,Malad,0.53,11.13,26.0,107.0,10.0,19.188589,72.8438991,27.79,P/N Ward,Maharashtra,1,5/29/2022,5/29/2022,low,Mamlatdar Wadi,amenity/townhall,Mamletdarwadi,2022,4/13/2022,Mamletdarwadi
Kashimira,Mumbai,north,under_construction,Anand Nagar,no,Wagle Estate Thane,11.07,yellow,2.77,yes,no,False,Kashigaon,0.48,6km+,0.0,Mira Road,3.03,20.73,4.0,11.0,6.0,19.2755399,72.8841851,37.79,Mira-Bhayander,Maharashtra,1,6/14/2022,6/14/2022,high,Kashimira,place/suburb,Kashimira,2022,4/13/2022,"Man Opus, Kashimira"
Morya Nagar,Mumbai,east,none,Anand Nagar,no,Wagle Estate Thane,6.98,yellow,9.52,no,no,True,Azad Nagar Bus Stop,3.37,6km+,2.0,Kharbhav,5.05,21.42,8.0,12.0,5.0,19.2610829,72.9569184,38.04,Anand Nagar,Maharashtra,1,6/20/2022,6/20/2022,medium,KIPL Morya,landuse/residential,Morya Nagar,2022,4/13/2022,"Manibhadra Avenue, Morya Nagar"
Marine Lines,Mumbai,south,under_construction,Ghatkopar L1,yes,Nariman Point CBD,2.08,blue,18.01,yes,no,False,Kalbadevi,0.37,0-3km,0.0,Marine Lines,0.0,16.58,34.0,52.0,10.0,18.945764,72.8237193,1.45,C Ward,Maharashtra,1,6/30/2022,6/30/2022,medium,Marine Lines,railway/station,Marine Palace Marine Lines,2022,4/13/2022,"Marine Palace, Marine Lines"
Matunga East,Mumbai,south,under_construction,Ghatkopar L1,yes,Lower Parel Business District,3.45,blue,8.94,yes,no,False,Dadar,1.38,3-6km,5.0,Matunga,0.25,7.21,85.0,93.0,8.0,19.0261579,72.8520846,9.87,F/N Ward,Maharashtra,1,7/6/2022,7/6/2022,high,Matunga East,place/suburb,Matunga East,2022,4/13/2022,Matunga East
Park Site Colony,Mumbai,east,operational,Jagruti Nagar,yes,Hiranandani Business Park Powai,1.21,blue,1.66,yes,yes,True,Jagruti Nagar,1.66,0-3km,11.0,Vikhroli,1.8,5.56,12.0,48.0,11.0,19.1016318,72.9144376,19.92,N Ward,Maharashtra,1,6/15/2022,6/15/2022,high,Park Site Colony,place/neighbourhood,Park Site Colony,2022,4/13/2022,"Mayfair Sonata Greens, Park Site Colony"
Mehboob Studio,Mumbai,south,under_construction,Western Express Highway,yes,Bandra Kurla Complex,4.66,blue,7.78,yes,no,False,Shitala Devi Mandir,2.48,3-6km,5.0,Bandra,1.72,5.82,29.0,32.0,4.0,19.0529554,72.8240232,12.75,Bandra West,Maharashtra,1,6/28/2022,6/28/2022,medium,Hill Road Garden,highway/bus_stop,Mehboob Studio,2022,4/13/2022,Mehboob Studio
Nandiadwala Colony,Mumbai,east,under_construction,Ghatkopar L1,yes,Belapur CBD,4.85,blue,17.88,yes,no,False,Khargar Village,0.59,3-6km,0.0,Kharghar,2.9,22.59,15.0,27.0,4.0,19.0483228,73.0732714,27.82,Kharghar,Maharashtra,3,7/7/2022,7/7/2022,medium,"Jal Vayu Bihar Defense Enclave CHS, Phase 2",landuse/residential,Midas Enclave CHS,2022,4/13/2022,"Midas Enclave CHS , Nandiadwala Colony"
PMGP Colony,Mumbai,south,under_construction,Asalpha,yes,Bandra Kurla Complex,1.9,blue,6.21,yes,no,False,Dharavi,1.29,0-3km,8.0,Sion,0.5,4.41,29.0,50.0,4.0,19.0505605,72.8611572,12.72,Dharavi,Maharashtra,1,6/2/2022,6/2/2022,high,PMGP Colony,place/neighbourhood,PMGP Colony,2022,4/13/2022,"Midas PMGP Mhada Colony, PMGP Colony"
Mira Bhayandar,Mumbai,north,operational,Anand Nagar,no,Mindspace Malad,10.74,yellow,2.4,yes,yes,True,Miragaon,0.26,6km+,0.0,Mira Road,3.0,20.36,4.0,12.0,6.0,19.2722556,72.8828004,37.41,Kashimira,Maharashtra,1,7/7/2022,7/7/2022,low,Mira Bhayandar Road,highway/primary,Mira Bhayandar,2022,4/13/2022,Mira Bhayandar
Model Town,Mumbai,east,operational,Western Express Highway,yes,MIDC Andheri East,1.83,blue,2.34,yes,yes,True,SEEPZ,0.95,0-3km,17.0,Jogeshwari (Western Line),2.13,4.84,13.0,45.0,2.0,19.1332555,72.8690288,21.91,K/E Ward,Maharashtra,1,5/21/2022,5/21/2022,high,Model Town,place/neighbourhood,Model Town,2022,4/13/2022,Model Town
Moti Nagar,Mumbai,west,operational,Andheri (West),yes,Nirlon Knowledge Park,1.77,yellow,2.27,yes,yes,True,Oshiwara,0.5,0-3km,12.0,Ram Mandir,1.32,7.01,22.0,57.0,15.0,19.148587,72.8378546,23.33,K/W Ward,Maharashtra,1,7/9/2022,7/9/2022,high,Motilal Nagar I,place/neighbourhood,Moti Nagar,2022,4/13/2022,"Montana Giona, Moti Nagar"
Mount Mary,Mumbai,south,under_construction,Western Express Highway,yes,Bandra Kurla Complex,4.95,blue,8.25,yes,no,False,Shitala Devi Mandir,2.32,3-6km,5.0,Bandra,1.96,6.24,25.0,26.0,4.0,19.0488129,72.8227516,12.3,Bandra West,Maharashtra,1,7/9/2022,7/9/2022,high,Mount Mary,place/neighbourhood,Mount Marry Mount Mary,2022,4/13/2022,"Mount Marry, Mount Mary"
Mukund Nagar,Mumbai,east,operational,Airport Road,yes,MIDC Andheri East,0.7,blue,0.22,yes,yes,True,Airport Road,0.22,0-3km,21.0,Andheri,2.88,2.54,10.0,36.0,5.0,19.111165,72.8723456,19.56,K/E Ward,Maharashtra,1,6/28/2022,6/28/2022,medium,Mukund Nagar CHS Ltd,landuse/residential,Mukund Nagar,2022,4/13/2022,Mukund Nagar
Mulund East,Mumbai,east,none,Jagruti Nagar,yes,Wagle Estate Thane,3.29,blue,10.66,no,no,True,Azad Nagar Bus Stop,8.12,3-6km,13.0,Mulund,0.49,13.64,34.0,80.0,14.0,19.1704719,72.9610447,28.95,T Ward,Maharashtra,3,5/27/2022,7/7/2022,high,Mulund East,place/suburb,Mulund East,2022,4/13/2022,Mulund East
Mulund Railway Station,Mumbai,east,none,Aarey,yes,Wagle Estate Thane,2.83,red,10.35,no,no,True,Azad Nagar Bus Stop,7.89,0-3km,11.0,Mulund,0.19,13.58,41.0,102.0,16.0,19.1737498,72.957208,29.09,T Ward,Maharashtra,1,5/19/2022,5/19/2022,medium,Mulund Railway Station (W),highway/bus_stop,Mulund Railway Station,2022,4/13/2022,Mulund Railway Station
Mulund West,Mumbai,east,none,Aarey,yes,Wagle Estate Thane,2.95,red,9.71,no,no,True,Azad Nagar Bus Stop,8.29,0-3km,5.0,Mulund,0.58,12.99,43.0,86.0,17.0,19.1719717,72.9511956,28.64,T Ward,Maharashtra,7,4/29/2022,6/16/2022,high,Mulund West,place/suburb,Mulund West,2022,4/13/2022,Mulund West
Nahur Gaothan,Mumbai,unknown,unknown,unknown,unknown,unknown,,unknown,,unknown,unknown,,unknown,,unknown,,unknown,,,,,,,,,,,1,6/16/2022,6/16/2022,none,,,,2022,4/13/2022,Nahur Gaothan
Naigaon East,Mumbai,north,none,Anand Nagar,no,Mindspace Malad,20.49,yellow,12.27,no,no,True,Kashigaon,10.19,6km+,0.0,Juichandra,1.48,30.83,1.0,1.0,0.0,19.3673834,72.8603139,47.73,Sukalapada,Maharashtra,1,4/28/2022,4/28/2022,low,Naigaon East Vasai Link Road,highway/tertiary,Naigaon East,2022,4/13/2022,Naigaon East
Nalasopara West,Mumbai,north,none,Kandarpada,no,Mindspace Malad,26.39,yellow,18.54,no,no,True,Kashigaon,17.22,6km+,0.0,Nalla Sopara,0.37,37.03,4.0,41.0,6.0,19.4201889,72.8160122,53.57,Nallasopara West,Maharashtra,2,5/31/2022,6/2/2022,low,Nalasopara Flyover,highway/secondary,Nalasopara West,2022,4/13/2022,Nalasopara West
Nerul sector-3,Mumbai,east,none,Ghatkopar L1,yes,Belapur CBD,3.54,blue,12.16,no,no,True,CBD Belapur,3.57,3-6km,1.0,Nerul,0.94,16.61,29.0,22.0,7.0,19.0334948,73.0091701,21.09,Nerul West,Maharashtra,1,6/11/2022,6/11/2022,low,,building/apartments,Nerul sector-3,2022,4/13/2022,Nerul sector-3
New Devchhaya Building,Mumbai,south,under_construction,Chakala - J.B. Nagar,yes,Bandra Kurla Complex,1.17,blue,4.6,yes,no,False,Bandra Colony,0.74,0-3km,13.0,Khar Road,1.73,2.13,26.0,40.0,7.0,19.0721792,72.8559679,14.99,H/E Ward,Maharashtra,1,5/26/2022,5/26/2022,low,New Library Building,amenity/library,New Devchhaya Building,2022,4/13/2022,New Devchhaya Building
new panvel,Mumbai,east,none,Ghatkopar L1,no,Belapur CBD,9.18,blue,24.69,no,no,True,Khargar Village,7.14,6km+,0.0,Panvel (Suburban),1.0,29.24,8.0,57.0,3.0,18.9993761,73.1239899,31.09,Panvel,Maharashtra,1,5/6/2022,5/6/2022,high,New Panvel,place/suburb,new panvel,2022,4/13/2022,new panvel
Vasai East,Mumbai,north,none,Kandarpada,no,Mindspace Malad,26.16,yellow,18.22,no,no,True,Kashigaon,16.71,6km+,0.0,Nalla Sopara,0.75,36.76,2.0,42.0,6.0,19.4188363,72.8256898,53.39,Vasai-Virar,Maharashtra,1,6/4/2022,6/4/2022,low,Nallasopara East,place/suburb,Vasai East,2022,4/13/2022,"Nicon Infinity, Vasai East"
LBS Marg,Mumbai,east,none,Aarey,yes,Wagle Estate Thane,3.97,red,8.11,no,no,True,Aarey JVLR,6.69,3-6km,3.0,Nahur,1.67,11.38,40.0,50.0,7.0,19.1657241,72.9359176,27.36,T Ward,Maharashtra,2,5/22/2022,7/9/2022,high,Nirmal Lifestyle,place/neighbourhood,Nirmal Lifestyle,2022,4/13/2022,"Nirmal Lifestyle, LBS Marg"
Agarkar Chowk,Mumbai,west,operational,Andheri L1,yes,SEEPZ Andheri East,0.71,blue,0.15,yes,yes,True,Andheri L1,0.15,0-3km,15.0,Andheri,0.22,3.57,42.0,97.0,6.0,19.1192278,72.84849,20.11,K/E Ward,Maharashtra,1,5/29/2022,5/29/2022,medium,Agarkar Chowk,highway/bus_stop,Agarkar Chowk,2022,4/13/2022,"Oberoi Prisma, Agarkar Chowk"
JVLR-Jogeshwari Vikhroli Link Road,Mumbai,north,under_construction,Andheri L1,yes,Nirlon Knowledge Park,1.99,blue,2.78,yes,no,False,Jogeshwari (East),1.04,0-3km,15.0,Jogeshwari (Harbour Line),1.61,5.6,12.0,42.0,3.0,19.1404894,72.8647504,22.64,Jogeshwari East,Maharashtra,3,5/17/2022,7/6/2022,medium,Oberoi Splendor,landuse/residential,Oberoi Splendor JVLR-Jogeshwari Vikhroli Link Road,2022,4/13/2022,"Oberoi Splendor, JVLR-Jogeshwari Vikhroli Link Road"
Kurar Village,Mumbai,north,operational,Dindoshi,yes,Mindspace Malad,2.06,red,0.47,yes,yes,True,Dindoshi,0.47,0-3km,3.0,Malad,1.34,10.35,19.0,85.0,6.0,19.1832505,72.8608353,27.31,P/N Ward,Maharashtra,2,7/4/2022,7/4/2022,medium,Omkar Alta Monte,landuse/residential,Omkar Alta Monte,2022,4/13/2022,"Omkar Alta Monte, Kurar Village"
Opera House,Mumbai,south,none,Ghatkopar L1,yes,Lower Parel Business District,4.03,blue,8.74,no,no,True,Dadar,2.66,3-6km,4.0,Acharya Atre Nagar,0.42,7.81,52.0,48.0,4.0,19.0199105,72.8641759,9.51,F/N Ward,Maharashtra,1,6/16/2022,6/16/2022,medium,Janak House Co-operative Society,landuse/residential,Opera House,2022,4/13/2022,Opera House
orchid suburbia,Mumbai,north,operational,Dahanukarwadi,yes,Mindspace Malad,2.89,yellow,0.34,yes,yes,True,Dahanukarwadi,0.34,0-3km,0.0,Kandivali,1.88,13.57,25.0,74.0,11.0,19.2092686,72.8347072,30.07,R/S Ward,Maharashtra,1,6/27/2022,6/27/2022,low,Orchid Suburbia,building/apartments,orchid suburbia,2022,4/13/2022,orchid suburbia
Bander Pakhadi,Mumbai,north,operational,Dahanukarwadi,yes,Mindspace Malad,2.89,yellow,0.34,yes,yes,True,Dahanukarwadi,0.34,0-3km,0.0,Kandivali,1.88,13.57,25.0,74.0,11.0,19.2092686,72.8347072,30.07,R/S Ward,Maharashtra,1,5/25/2022,5/25/2022,low,Orchid Suburbia,building/apartments,Orchid Suburbia,2022,4/13/2022,"Orchid Suburbia, Bander Pakhadi"
Oshiwara,Mumbai,west,operational,Andheri (West),yes,Nirlon Knowledge Park,2.07,yellow,2.37,yes,yes,True,Oshiwara,0.47,0-3km,11.0,Ram Mandir,1.67,7.33,24.0,51.0,16.0,19.1502437,72.8342294,23.51,K/W Ward,Maharashtra,3,5/27/2022,6/14/2022,high,Oshiwara,place/suburb,Oshiwara,2022,4/13/2022,Oshiwara
Pant Nagar,Mumbai,east,operational,Ghatkopar L1,yes,Godrej One Vikhroli,3.01,blue,0.52,yes,yes,True,Ghatkopar L1,0.52,3-6km,11.0,Ghatkopar,0.42,5.16,12.0,86.0,9.0,19.0833305,72.9115042,17.95,N Ward,Maharashtra,1,6/23/2022,6/23/2022,high,Pant Nagar,place/neighbourhood,Pant Nagar,2022,4/13/2022,Pant Nagar
parivar safalya chs,Mumbai,south,under_construction,Ghatkopar L1,yes,Lower Parel Business District,0.84,blue,12.91,yes,no,False,Science Centre,1.23,0-3km,2.0,Lower Parel,0.18,11.0,29.0,41.0,6.0,18.9956287,72.831957,6.33,G/S Ward,Maharashtra,1,6/20/2022,6/20/2022,medium,Safalya CHS,landuse/residential,parivar safalya chs,2022,4/13/2022,parivar safalya chs
Parle Colony,Mumbai,west,under_construction,Western Express Highway,yes,SEEPZ Andheri East,3.14,blue,3.26,yes,no,False,CSMI Airport Domestic T1,1.53,3-6km,14.0,Vile Parle,1.07,2.49,36.0,65.0,10.0,19.091444,72.8392374,16.98,K/W Ward,Maharashtra,1,6/24/2022,6/24/2022,medium,JEEVAN SHANTI COLONY,landuse/residential,Parle Colony,2022,4/13/2022,Parle Colony
Parmanand Wadi,Mumbai,south,under_construction,Ghatkopar L1,yes,Lower Parel Business District,1.77,blue,11.53,yes,no,False,Siddhivinayak Temple,2.4,0-3km,3.0,Ambedkar Nagar,0.31,10.1,27.0,44.0,0.0,19.0005743,72.8469378,6.98,F/S Ward,Maharashtra,1,6/28/2022,6/28/2022,high,Parmanand Wadi,place/neighbourhood,Parmanand Wadi,2022,4/13/2022,Parmanand Wadi
Peddar Road,Mumbai,south,under_construction,Ghatkopar L1,yes,Lower Parel Business District,4.2,blue,16.54,yes,no,False,Grant Road,1.23,3-6km,1.0,Mumbai Central,1.04,14.41,48.0,56.0,5.0,18.970786,72.8095082,4.48,D Ward,Maharashtra,1,6/12/2022,6/12/2022,low,Gopalrao Deshmukh Marg,highway/primary,Peddar Road,2022,4/13/2022,Peddar Road
Perry Rd,Mumbai,west,none,Western Express Highway,yes,Bandra Kurla Complex,4.46,blue,7.1,no,no,True,Bandra Colony,2.89,3-6km,6.0,Bandra,1.79,5.3,32.0,43.0,5.0,19.0598893,72.8239685,13.52,Bandra West,Maharashtra,1,6/29/2022,6/29/2022,medium,Perry Cross Rd,highway/bus_stop,Perry Rd,2022,4/13/2022,Perry Rd
Poisar,Mumbai,north,operational,Kandivali (West),yes,Mindspace Malad,3.16,yellow,1.03,yes,yes,True,Kandivali (West),1.03,3-6km,0.0,Kandivali,1.01,13.64,12.0,91.0,10.0,19.2119251,72.8468858,30.39,R/S Ward,Maharashtra,1,6/27/2022,6/27/2022,high,Poisar,place/quarter,Poisar,2022,4/13/2022,Poisar
Madh,Mumbai,west,none,Versova,no,Nirlon Knowledge Park,6.74,blue,3.2,no,no,True,Versova,3.2,6km+,2.0,Jogeshwari (Western Line),6.0,9.13,0.0,1.0,1.0,19.1375285,72.7918857,22.57,K/W Ward,Maharashtra,1,6/16/2022,6/16/2022,high,Madh,place/suburb,Madh,2022,4/13/2022,"Raheja Exotica Sorento, Madh"
BMC Colony Malad East,Mumbai,north,operational,Dindoshi,yes,Mindspace Malad,2.69,red,0.84,yes,yes,True,Dindoshi,0.84,0-3km,3.0,Malad,2.1,9.66,14.0,60.0,5.0,19.1769668,72.8657407,26.67,P/N Ward,Maharashtra,1,5/31/2022,5/31/2022,medium,B.E.S.T Staff querters colony,landuse/residential,BMC Colony Malad East,2022,4/13/2022,"Raheja Heights, BMC Colony Malad East"
Vikhroli West,Mumbai,east,none,Jagruti Nagar,yes,Godrej One Vikhroli,1.13,blue,3.5,no,no,True,Jagruti Nagar,3.5,0-3km,11.0,Vikhroli,0.42,7.13,19.0,26.0,20.0,19.114541,72.9257184,21.73,S Ward,Maharashtra,2,6/3/2022,7/6/2022,high,Vikhroli West,place/suburb,Vikhroli West,2022,4/13/2022,"Raj Legacy, Vikhroli West"
Rambaug,Mumbai,north,operational,Shimpoli,yes,Mindspace Malad,3.85,yellow,1.35,yes,yes,True,Shimpoli,1.35,3-6km,0.0,Borivali,1.44,14.16,17.0,112.0,17.0,19.2170731,72.8522143,30.99,R/C Ward,Maharashtra,1,7/7/2022,7/7/2022,low,RamBaug Lane,highway/residential,Rambaug,2022,4/13/2022,Rambaug
Reay road east,Mumbai,south,under_construction,Ghatkopar L1,yes,Lower Parel Business District,3.18,blue,13.88,yes,no,False,Mahalaxmi,1.98,3-6km,1.0,Reay Road,0.0,12.68,22.0,28.0,0.0,18.9775506,72.8441011,4.4,E Ward,Maharashtra,1,5/22/2022,5/22/2022,medium,Reay Road,railway/station,Reay road east,2022,4/13/2022,Reay road east
Rock garden Chs,Mumbai,east,none,Ghatkopar L1,yes,Belapur CBD,5.92,blue,17.04,no,no,True,CBD Belapur,6.14,3-6km,0.0,Baman-Dongri,1.14,20.71,3.0,0.0,0.0,18.9711007,73.0144819,19.17,Ulwe,Maharashtra,1,6/27/2022,6/27/2022,medium,Garden CHS,landuse/residential,Rock garden Chs,2022,4/13/2022,Rock garden Chs
Old Khar,Mumbai,south,under_construction,Western Express Highway,yes,Bandra Kurla Complex,3.01,blue,6.09,yes,no,False,Bandra Colony,1.43,3-6km,7.0,Bandra Terminus,0.46,3.95,47.0,67.0,10.0,19.0642094,72.8372017,13.95,H/W Ward,Maharashtra,1,5/26/2022,5/26/2022,medium,Old Khar,highway/bus_stop,Old Khar,2022,4/13/2022,"Rose Queen, Old Khar"
Gomant Nagar,Mumbai,east,operational,Airport Road,yes,MIDC Andheri East,0.88,blue,1.52,yes,yes,True,SEEPZ,0.74,0-3km,18.0,Andheri,3.52,4.03,10.0,43.0,6.0,19.1227165,72.8798055,20.98,K/E Ward,Maharashtra,1,5/19/2022,5/19/2022,low,Nav Gomantak,amenity/restaurant,Gomant Nagar,2022,4/13/2022,"Rustomjee Regency, Gomant Nagar"
Shantivan,Mumbai,east,none,Ghatkopar L1,no,Belapur CBD,14.41,blue,29.08,no,no,True,Pendhar,9.94,6km+,0.0,Chikhale,5.96,33.78,1.0,0.0,0.0,19.0222244,73.1761645,37.01,,Maharashtra,1,7/7/2022,7/7/2022,high,Shantivan,place/village,Shantivan,2022,4/13/2022,"Saaga Mrunali CHS, Shantivan"
Saki Vihar Road,Mumbai,east,under_construction,Marol Naka L1,yes,Hiranandani Business Park Powai,2.72,blue,3.27,yes,no,False,Aarey JVLR,1.32,0-3km,14.0,Kanjur Marg,3.32,5.91,6.0,5.0,4.0,19.1326946,72.8966869,22.5,S Ward,Maharashtra,1,7/7/2022,7/7/2022,low,Saki Vihar Road,highway/secondary,Saki Vihar Road,2022,4/13/2022,Saki Vihar Road
Serenity Complex,Mumbai,west,operational,Andheri (West),yes,Nirlon Knowledge Park,2.2,yellow,2.15,yes,yes,True,Oshiwara,0.26,0-3km,12.0,Ram Mandir,1.77,7.17,25.0,52.0,17.0,19.1483881,72.8335529,23.31,K/W Ward,Maharashtra,1,4/28/2022,4/28/2022,medium,Serenity Complex,landuse/residential,Serenity Complex,2022,4/13/2022,Serenity Complex
Irani Wada,Mumbai,north,operational,Dahanukarwadi,yes,Mindspace Malad,1.81,yellow,1.01,yes,yes,True,Valnai-Meeth Chowky,0.96,0-3km,1.0,Kandivali,1.09,12.44,27.0,102.0,11.0,19.2002901,72.8421432,29.09,R/S Ward,Maharashtra,1,7/4/2022,7/4/2022,low,Irani Wadi Road,highway/residential,Irani Wada,2022,4/13/2022,"Sethia Kalpavruksh Heights, Irani Wada"
shabri shan,Mumbai,east,none,Ghatkopar L1,yes,Vashi Business District,1.81,blue,10.14,no,no,True,Pethpada,8.17,0-3km,9.0,Koparkhairne,1.69,14.88,23.0,33.0,12.0,19.0894691,73.0044869,24.43,Kopar Khairne,Maharashtra,1,6/13/2022,6/13/2022,medium,Shabi Complex,landuse/residential,shabri shan,2022,4/13/2022,shabri shan
shanti kutir tunga village powai,Mumbai,unknown,unknown,unknown,unknown,unknown,,unknown,,unknown,unknown,,unknown,,unknown,,unknown,,,,,,,,,,,1,4/29/2022,4/29/2022,none,,,,2022,4/13/2022,shanti kutir tunga village powai
Sher E Punjab Society,Mumbai,north,operational,Western Express Highway,yes,SEEPZ Andheri East,1.59,blue,1.47,yes,yes,True,Mogra,0.77,0-3km,16.0,Jogeshwari (Western Line),1.73,4.17,14.0,71.0,3.0,19.1276887,72.8627819,21.2,K/E Ward,Maharashtra,2,5/14/2022,5/31/2022,high,Sher e Punjab Colony,place/neighbourhood,Sher E Punjab Society,2022,4/13/2022,Sher E Punjab Society
Sion Koliwada,Mumbai,south,under_construction,Ghatkopar L1,yes,Bandra Kurla Complex,2.94,blue,6.88,yes,no,False,Dharavi,1.64,0-3km,6.0,Guru Tegh Bahadur Nagar,0.3,5.5,41.0,45.0,5.0,19.0407302,72.8642303,11.73,F/N Ward,Maharashtra,1,6/16/2022,6/16/2022,high,Sion Koliwada,place/neighbourhood,Sion Koliwada,2022,4/13/2022,"Sheth Beaumonte, Sion Koliwada"
Shilphata,Mumbai,east,none,Ghatkopar L1,yes,Millennium Business Park Mahape,4.77,blue,15.79,no,no,True,Sector-34,8.71,3-6km,9.0,Nilaje,3.83,20.1,1.0,0.0,0.0,19.1440528,73.0455731,31.76,Shill Phata,Maharashtra,1,5/19/2022,5/19/2022,medium,Shil Phata,highway/bus_stop,Shilphata,2022,4/13/2022,Shilphata
Shivaji Park,Mumbai,south,under_construction,Asalpha,yes,Lower Parel Business District,3.01,blue,9.54,yes,no,False,Dadar,0.57,3-6km,6.0,Matunga Road,0.8,7.27,72.0,73.0,11.0,19.0287453,72.8391613,10.01,G/N Ward,Maharashtra,2,5/23/2022,5/27/2022,high,Shivaji Park,place/neighbourhood,Shivaji Park,2022,4/13/2022,Shivaji Park
shivsagar,Mumbai,east,operational,Marol Naka L1,yes,MIDC Andheri East,1.93,blue,1.08,yes,yes,True,CSMI Airport International T2,0.26,0-3km,20.0,Vile Parle,3.14,1.59,10.0,33.0,6.0,19.1000164,72.8739181,18.38,K/E Ward,Maharashtra,1,5/4/2022,5/4/2022,low,Shivsagar,amenity/restaurant,shivsagar,2022,4/13/2022,shivsagar
Shri Swami Samarth Nagar,Mumbai,west,operational,Versova,yes,Nirlon Knowledge Park,3.39,blue,1.1,yes,yes,True,Lower Oshiwara,0.67,3-6km,9.0,Jogeshwari (Western Line),2.49,6.73,32.0,68.0,20.0,19.1393123,72.8255143,22.32,K/W Ward,Maharashtra,1,5/31/2022,5/31/2022,medium,Swami Samarth Nagar,highway/bus_stop,Shri Swami Samarth Nagar,2022,4/13/2022,Shri Swami Samarth Nagar
Shrikrupa Society,Mumbai,east,none,Ghatkopar L1,yes,Vashi Business District,0.74,blue,9.65,no,no,True,Mandale,7.3,0-3km,9.0,Sanpada,1.97,14.41,22.0,26.0,13.0,19.0809993,72.9996683,23.41,Vashi,Maharashtra,1,4/29/2022,4/29/2022,medium,Shivkrupa CO-OP Housing Society,landuse/residential,Shrikrupa Society,2022,4/13/2022,Shrikrupa Society
Napean Sea Road,Mumbai,south,under_construction,Ghatkopar L1,yes,Nariman Point CBD,4.47,blue,17.29,yes,no,False,Grant Road,1.17,3-6km,1.0,Grant Road,0.94,15.2,50.0,61.0,5.0,18.9641018,72.8069141,4.11,D Ward,Maharashtra,1,6/24/2022,6/24/2022,low,Laxmibai Jagmohandas Marg,highway/secondary,Napean Sea Road,2022,4/13/2022,"simla house at nepeasea road, Napean Sea Road"
Sion,Mumbai,south,under_construction,Ghatkopar L1,yes,Bandra Kurla Complex,2.7,blue,6.63,yes,no,False,Dharavi,1.69,0-3km,6.0,Sion,0.47,5.27,35.0,42.0,3.0,19.0428153,72.8653563,11.99,F/N Ward,Maharashtra,3,5/27/2022,6/29/2022,high,Sion East,place/suburb,Sion,2022,4/13/2022,Sion
Sion Hospital Colony,Mumbai,south,under_construction,Ghatkopar L1,yes,Bandra Kurla Complex,3.67,blue,7.79,yes,no,False,Dharavi,1.55,3-6km,6.0,King's Circle,0.36,6.17,76.0,67.0,6.0,19.0348427,72.8582305,10.95,F/N Ward,Maharashtra,1,6/2/2022,6/2/2022,low,Sion Hospital,amenity/hospital,Sion Hospital Colony,2022,4/13/2022,Sion Hospital Colony
Bhandari Compound,Mumbai,south,under_construction,Ghatkopar L1,yes,Nariman Point CBD,4.02,blue,16.34,yes,no,False,Grant Road,0.61,3-6km,1.0,Grant Road,0.84,14.7,63.0,89.0,7.0,18.9632231,72.8238048,2.98,D Ward,Maharashtra,1,7/4/2022,7/4/2022,medium,Sonawala Apartment,landuse/residential,Sonal Apartment,2022,4/13/2022,"Sonal Apartment, Bhandari Compound"
sra,Mumbai,east,none,Jagruti Nagar,yes,Wagle Estate Thane,3.83,blue,10.12,no,no,True,Azad Nagar Bus Stop,8.72,3-6km,12.0,Mulund,0.85,13.18,33.0,67.0,10.0,19.1651611,72.9600894,28.38,T Ward,Maharashtra,1,5/5/2022,5/5/2022,medium,SRA Building,landuse/residential,sra,2022,4/13/2022,sra
Srinagarchs chembur west near sankralyammandir,Mumbai,unknown,unknown,unknown,unknown,unknown,,unknown,,unknown,unknown,,unknown,,unknown,,unknown,,,,,,,,,,,1,5/18/2022,5/18/2022,none,,,,2022,4/13/2022,Srinagarchs chembur west near sankralyammandir
Srishti Complex,Mumbai,north,operational,Anand Nagar,no,Mindspace Malad,10.11,yellow,1.58,yes,yes,True,Miragaon,1.28,6km+,0.0,Mira Road,1.75,20.14,10.0,29.0,7.0,19.2712357,72.8685277,37.13,Kashimira,Maharashtra,1,6/10/2022,6/10/2022,medium,Srishti Complex Sector 2,landuse/residential,Srishti Complex,2022,4/13/2022,Srishti Complex
Bhandup Industrial Estate,Mumbai,east,none,Saki Naka,yes,Wagle Estate Thane,4.75,blue,7.8,no,no,True,Aarey JVLR,6.02,3-6km,3.0,Nahur,1.55,10.64,33.0,48.0,7.0,19.1594258,72.9327693,26.58,S Ward,Maharashtra,1,7/6/2022,7/6/2022,low,Dharamraj Industrial Estate,landuse/industrial,Bhandup Industrial Estate,2022,4/13/2022,"Srishti Solitaire, Bhandup Industrial Estate"
Chikhal Dongari,Mumbai,north,none,Kandarpada,no,Mindspace Malad,31.85,yellow,24.07,no,no,True,Kashigaon,22.77,6km+,0.0,Virar,1.9,42.51,3.0,19.0,6.0,19.4676701,72.7992421,58.93,Virar West,Maharashtra,1,7/2/2022,7/2/2022,low,SUMIT GREENDALE,landuse/residential,Sumit Greendale,2022,4/13/2022,"Sumit Greendale, Chikhal Dongari"
sunanda circal,Mumbai,east,none,Ghatkopar L1,no,Mindspace Airoli,6.22,blue,17.6,no,no,True,Sector-34,9.02,6km+,0.0,Nilaje,2.09,21.88,2.0,3.0,0.0,19.1522686,73.0605589,33.52,Shill Phata,Maharashtra,1,6/28/2022,6/28/2022,medium,Sunanda Circle,landuse/residential,sunanda circal,2022,4/13/2022,sunanda circal
Suram Park Society,Mumbai,north,none,Kandarpada,no,Mindspace Malad,31.01,yellow,23.09,no,no,True,Kashigaon,21.53,6km+,0.0,Virar,0.92,41.62,3.0,29.0,6.0,19.4619183,72.8170739,58.2,Virar East,Maharashtra,1,5/18/2022,5/18/2022,low,Suram Park Society Parshwanath Building,building/yes,Suram Park Society,2022,4/13/2022,Suram Park Society
Poonam Gardens,Mumbai,north,none,Kandarpada,no,Mindspace Malad,12.25,yellow,4.14,no,no,True,Kashigaon,3.58,6km+,0.0,Mira Road,1.46,22.69,9.0,56.0,5.0,19.293845,72.8507199,39.51,Bhayander West,Maharashtra,1,5/31/2022,5/31/2022,low,"Swayam Apartments, Panchratna Complex",building/yes,Swayam Apartment,2022,4/13/2022,"Swayam Apartment, Poonam Gardens"
Taloja Phase 2,Mumbai,east,none,Ghatkopar L1,no,Millennium Business Park Mahape,11.86,blue,23.58,no,no,True,Panchanand,9.89,6km+,0.0,Nilaje,4.09,27.98,1.0,1.0,0.0,19.1594601,73.1189255,38.6,Palava Phase 2,Maharashtra,1,6/4/2022,6/4/2022,medium,Lodha Crown Taloja,landuse/residential,Taloja Phase 2,2022,4/13/2022,Taloja Phase 2
Tata Nagar,Mumbai,east,under_construction,Ghatkopar L1,yes,Godrej One Vikhroli,5.88,blue,3.98,yes,no,False,Deonar,0.9,3-6km,4.0,Govandi,0.58,7.29,38.0,44.0,19.0,19.0526286,72.9197627,15.46,M/E Ward,Maharashtra,1,7/1/2022,7/1/2022,high,Tata Nagar,place/neighbourhood,Tata Nagar,2022,4/13/2022,Tata Nagar
Thane-Kalyan-Dombivli,Mumbai,east,none,Dahisar (East) [Line 7],no,Mindspace Airoli,16.58,yellow,28.37,no,no,True,Azad Nagar Bus Stop,16.34,6km+,1.0,Kalyan Junction,0.75,33.21,4.0,70.0,1.0,19.2396742,73.1366482,46.06,Kalyan-Dombivli,Maharashtra,3,5/23/2022,5/31/2022,low,Kalyan,place/borough,Thane-Kalyan-Dombivli,2022,4/13/2022,Thane-Kalyan-Dombivli
Kemps Corner,Mumbai,south,under_construction,Ghatkopar L1,yes,Nariman Point CBD,4.44,blue,17.32,yes,no,False,Grant Road,1.18,3-6km,1.0,Grant Road,0.94,15.24,50.0,61.0,5.0,18.9637535,72.8068617,4.09,D Ward,Maharashtra,1,6/16/2022,6/16/2022,high,Kemps Corner,place/locality,Kemps Corner,2022,4/13/2022,"The Primordial House, Kemps Corner"
Tilak Nagar - Harbour Line,Mumbai,south,under_construction,Ghatkopar L1,yes,Bandra Kurla Complex,3.21,blue,7.06,yes,no,False,Dharavi,1.79,3-6km,6.0,Guru Tegh Bahadur Nagar,0.04,5.77,46.0,45.0,5.0,19.0383119,72.8645817,11.48,F/N Ward,Maharashtra,2,7/2/2022,7/6/2022,low,Harbour Line,railway/platform,Tilak Nagar - Harbour Line,2022,4/13/2022,Tilak Nagar - Harbour Line
Union Park,Mumbai,west,none,Western Express Highway,yes,Bandra Kurla Complex,4.37,blue,5.93,no,no,True,Santacruz,2.52,3-6km,5.0,Khar Road,1.69,4.52,33.0,43.0,7.0,19.0718905,72.8244456,14.84,H/W Ward,Maharashtra,2,5/16/2022,5/23/2022,high,Union Park,place/neighbourhood,Union Park,2022,4/13/2022,Union Park
Bhuleshwar,Mumbai,south,under_construction,Ghatkopar L1,yes,Nariman Point CBD,2.99,blue,17.04,yes,no,False,Girgaon,0.58,0-3km,0.0,Marine Lines,0.97,15.62,48.0,68.0,6.0,18.9537706,72.8274755,1.86,C Ward,Maharashtra,1,6/4/2022,6/4/2022,high,Bhuleshwar,place/suburb,Bhuleshwar,2022,4/13/2022,"Universal Neo Galaxy, Bhuleshwar"
Magathane,Mumbai,north,operational,Magathane,yes,Mindspace Malad,4.53,red,0.0,yes,yes,True,Magathane,0.0,3-6km,0.0,Borivali,1.69,14.09,6.0,65.0,15.0,19.2167968,72.8668012,31.09,R/C Ward,Maharashtra,1,5/14/2022,5/14/2022,medium,Magathane,railway/station,Magathane,2022,4/13/2022,"Vasant Marvel, Magathane"
Vikhroli,Mumbai,east,none,Jagruti Nagar,yes,Godrej One Vikhroli,1.13,blue,3.5,no,no,True,Jagruti Nagar,3.5,0-3km,11.0,Vikhroli,0.42,7.13,19.0,26.0,20.0,19.114541,72.9257184,21.73,S Ward,Maharashtra,1,7/9/2022,7/9/2022,high,Vikhroli West,place/suburb,Vikhroli,2022,4/13/2022,Vikhroli
Vile Parle,Mumbai,west,operational,Andheri L1,yes,SEEPZ Andheri East,1.98,blue,2.06,yes,yes,True,CSMI Airport Domestic T1,1.78,0-3km,14.0,Vile Parle,0.59,2.83,35.0,90.0,9.0,19.103908,72.840301,18.37,K/W Ward,Maharashtra,1,4/29/2022,4/29/2022,high,Vile Parle West,place/suburb,Vile Parle,2022,4/13/2022,Vile Parle
Vile Parle East,Mumbai,west,operational,Western Express Highway,yes,SEEPZ Andheri East,1.94,blue,2.05,yes,yes,True,CSMI Airport Domestic T1,1.05,0-3km,16.0,Vile Parle,0.22,2.09,30.0,78.0,7.0,19.1002241,72.8461146,17.98,K/E Ward,Maharashtra,2,6/4/2022,6/15/2022,medium,Vile Parle Station (E),highway/bus_stop,Vile Parle East,2022,4/13/2022,Vile Parle East
Virar,Mumbai,north,none,Kandarpada,no,Mindspace Malad,29.71,yellow,21.85,no,no,True,Kashigaon,20.43,6km+,0.0,Virar,0.61,40.35,3.0,40.0,3.0,19.4497996,72.8120613,56.87,Vasai-Virar,Maharashtra,1,6/28/2022,6/28/2022,low,Virar,place/borough,Virar,2022,4/13/2022,Virar
Walkeshwar,Mumbai,south,under_construction,Ghatkopar L1,yes,Nariman Point CBD,3.5,blue,18.52,yes,no,False,Grant Road,1.91,3-6km,0.0,Charni Road,1.51,16.52,26.0,44.0,2.0,18.9524203,72.8038935,3.64,D Ward,Maharashtra,1,6/30/2022,6/30/2022,high,Walkeshwar,place/locality,Walkeshwar,2022,4/13/2022,Walkeshwar
Yashodham,Mumbai,north,operational,Aarey,yes,Mindspace Malad,1.94,red,0.52,yes,yes,True,Aarey,0.52,0-3km,5.0,Goregaon,1.01,9.18,16.0,88.0,6.0,19.1723644,72.8550274,26.05,P/S Ward,Maharashtra,1,5/12/2022,5/12/2022,high,Yashodham,place/neighbourhood,Yashodham,2022,4/13/2022,Yashodham
